Workbook

Sheet unallocated
A1: skip
A3: Activity | B3: municipal waste incineration, at incineration plant, with semi-dry air pollution control, without flue gas condensation, with electricity recovery only
A4: location | B4: RER
A5: production amount | B5: 1
A6: source | B6: Valentina Bisinella, Tore Hulgaard, Christian Riber, Anders Damgaard, Thomas H. Christensen, Environmental assessment of carbon capture and storage (CCS) as a post-treatment technology in waste incineration, Waste Management, Volume 128, 2021, Pages 99-113, ISSN 0956-053X, https://doi.org/10.1016/j.wasman.2021.04.046.
A7: reference product
A8: type | B8: process
A9: unit
A10: comment | B10: The incineration plant is a multi-output activity: 1) waste treatment, 2) heat production, 3) electricity production. Data on MSW composition as received at an incinerator in Copenhagen, Denmark. The estimated lower heating value is 9.9 GJ/tonne wet waste, and total carbon content is 264 kg C/tonne wet waste, 39% of which is fossil and 61% biogenic. Lower heating value (GJ/tonne ww): 9.9. Water content (kg/tonne ww): 432. Fossil carbon content (kg C/tonne ww): 102. Biogenic carbon content (kg C/tonne ww): 162. Air Pollution Contral (APC): Semi-dry. Flue gas condensation: No. Power production: Yes. Heat production: No. Carbon capture: No. Electricity production per ton MSWI incinerated: 739 kWh.
A11: Exchanges
A12: name | B12: amount | C12: location | D12: unit | E12: categories | F12: type | G12: reference product | H12: comment | I12: uncertainty type | J12: loc | K12: u1 | L12: u2 | M12: u3 | N12: u4 | O12: u5 | P12: u6 | Q12: ub | R12: scale | S12: negative
A13: municipal waste incineration, at incineration plant, with semi-dry air pollution control, without flue gas condensation, with electricity recovery only | B13: 1000 | C13: RER | D13: kilogram | F13: production | G13: municipal solid waste | I13: 0
A14: municipal waste incineration, at incineration plant, with semi-dry air pollution control, without flue gas condensation, with electricity recovery only | B14: 739 | C14: RER | D14: kilowatt hour | F14: production | G14: electricity, medium voltage | I14: 0
A15: municipal waste incineration, at incineration plant, with semi-dry air pollution control, without flue gas condensation, with electricity recovery only | B15: 0 | C15: RER | D15: megajoule | F15: production | G15: heat, district or industrial, other than natural gas | I15: 0
A16: market for diesel, low-sulfur | B16: =0.1*0.85 -> 0.085 | C16: Europe without Switzerland | D16: kilogram | F16: technosphere | G16: diesel, low-sulfur | H16: Diesel density: 0.85 kg/l | I16: 2 | J16: =LN(B16) -> -2.465104 | K16: 1 | L16: 1 | M16: 1 | N16: 1.02 | O16: 1.2 | P16: 1 | Q16: 1.05 | R16: =LN(SQRT(EXP( SQRT( +POWER(LN(K16),2) +POWER(LN(L16),2) +POWER(LN(M16),2) +POWER(LN(N16),2) +POWER(LN(O16),2) +POWER(LN(P16),2) +POWER(LN(Q16),2) ) ))) -> 0.094886477
A17: market for activated carbon, granular | B17: 0.4 | C17: GLO | D17: kilogram | F17: technosphere | G17: activated carbon, granular | I17: 2 | J17: =LN(B17) -> -0.91629073 | K17: 1 | L17: 1 | M17: 1 | N17: 1.02 | O17: 1.2 | P17: 1 | Q17: 1.05 | R17: =LN(SQRT(EXP( SQRT( +POWER(LN(K17),2) +POWER(LN(L17),2) +POWER(LN(M17),2) +POWER(LN(N17),2) +POWER(LN(O17),2) +POWER(LN(P17),2) +POWER(LN(Q17),2) ) ))) -> 0.094886477
A18: market for ammonia, anhydrous, liquid | B18: =4*24.5% -> 0.98 | C18: RER | D18: kilogram | F18: technosphere | G18: ammonia, anhydrous, liquid | H18: 100% liquid ammonia. In original publication, it is dilluated to 23.5% in water. We discount the original value by 75%. | I18: 2 | J18: =LN(B18) -> -0.020202707 | K18: 1 | L18: 1 | M18: 1 | N18: 1.02 | O18: 1.2 | P18: 1 | Q18: 1.05 | R18: =LN(SQRT(EXP( SQRT( +POWER(LN(K18),2) +POWER(LN(L18),2) +POWER(LN(M18),2) +POWER(LN(N18),2) +POWER(LN(O18),2) +POWER(LN(P18),2) +POWER(LN(Q18),2) ) ))) -> 0.094886477
A19: market for tap water | B19: =4-B18 -> 3.02 | C19: Europe without Switzerland | D19: kilogram | F19: technosphere | H19: Used to dilute the ammonia. | I19: 2 | J19: =LN(B19) -> 1.1052568 | K19: 1 | L19: 1 | M19: 1 | N19: 1.02 | O19: 1.2 | P19: 1 | Q19: 1.05 | R19: =LN(SQRT(EXP( SQRT( +POWER(LN(K19),2) +POWER(LN(L19),2) +POWER(LN(M19),2) +POWER(LN(N19),2) +POWER(LN(O19),2) +POWER(LN(P19),2) +POWER(LN(Q19),2) ) ))) -> 0.094886477
A20: market for calcium carbonate, precipitated | B20: 0 | C20: RER | D20: kilogram | F20: technosphere | G20: calcium carbonate, precipitated | I20: 0
A21: market for iron(III) chloride, without water, in 40% solution state | B21: 0 | C21: RER | D21: kilogram | F21: technosphere | G21: iron(III) chloride, without water, in 40% solution state | I21: 0
A22: market for lime, hydrated, packed | B22: 11 | C22: RER | D22: kilogram | F22: technosphere | G22: lime, hydrated, packed | I22: 2 | J22: =LN(B22) -> 2.3978953 | K22: 1 | L22: 1 | M22: 1 | N22: 1.02 | O22: 1.2 | P22: 1 | Q22: 1.05 | R22: =LN(SQRT(EXP( SQRT( +POWER(LN(K22),2) +POWER(LN(L22),2) +POWER(LN(M22),2) +POWER(LN(N22),2) +POWER(LN(O22),2) +POWER(LN(P22),2) +POWER(LN(Q22),2) ) ))) -> 0.094886477
A23: market for sodium hydroxide, without water, in 50% solution state | B23: 0 | C23: RER | D23: kilogram | F23: technosphere | G23: sodium hydroxide, without water, in 50% solution state | H23: 50% liquid ammonia. In original publication, it is dilluated to 27% in water. We discount the original value by 50%. | I23: 0
A24: market for monoethanolamine | B24: 0 | C24: GLO | D24: kilogram | F24: technosphere | G24: monoethanolamine | I24: 0
A25: municipal waste incineration facility construction | B25: 2.5e-07 | C25: CH | D25: unit | F25: technosphere | G25: municipal waste incineration facility | H25: Lifetime: 4'000'000 tons MSWI treated. | I25: 2 | J25: =LN(B25) -> -15.201805 | K25: 1 | L25: 1 | M25: 1 | N25: 1.02 | O25: 1.2 | P25: 1 | Q25: 3 | R25: =LN(SQRT(EXP( SQRT( +POWER(LN(K25),2) +POWER(LN(L25),2) +POWER(LN(M25),2) +POWER(LN(N25),2) +POWER(LN(O25),2) +POWER(LN(P25),2) +POWER(LN(Q25),2) ) ))) -> 0.55690714
A26: Water, cooling, unspecified natural origin | B26: 0.15 | D26: cubic meter | F26: biosphere | I26: 2 | J26: =LN(B26) -> -1.89712 | K26: 1 | L26: 1 | M26: 1 | N26: 1.02 | O26: 1.2 | P26: 1 | Q26: 1.05 | R26: =LN(SQRT(EXP( SQRT( +POWER(LN(K26),2) +POWER(LN(L26),2) +POWER(LN(M26),2) +POWER(LN(N26),2) +POWER(LN(O26),2) +POWER(LN(P26),2) +POWER(LN(Q26),2) ) ))) -> 0.094886477
A27: Sulfur dioxide | B27: 0.113 | D27: kilogram | E27: air::urban air close to ground | F27: biosphere | I27: 2 | J27: =LN(B27) -> -2.1803675 | K27: 1 | L27: 1 | M27: 1 | N27: 1.02 | O27: 1.2 | P27: 1 | Q27: 1.05 | R27: =LN(SQRT(EXP( SQRT( +POWER(LN(K27),2) +POWER(LN(L27),2) +POWER(LN(M27),2) +POWER(LN(N27),2) +POWER(LN(O27),2) +POWER(LN(P27),2) +POWER(LN(Q27),2) ) ))) -> 0.094886477
A28: Hydrochloric acid | B28: 0.028 | D28: kilogram | E28: air::urban air close to ground | F28: biosphere | I28: 2 | J28: =LN(B28) -> -3.5755508 | K28: 1 | L28: 1 | M28: 1 | N28: 1.02 | O28: 1.2 | P28: 1 | Q28: 1.5 | R28: =LN(SQRT(EXP( SQRT( +POWER(LN(K28),2) +POWER(LN(L28),2) +POWER(LN(M28),2) +POWER(LN(N28),2) +POWER(LN(O28),2) +POWER(LN(P28),2) +POWER(LN(Q28),2) ) ))) -> 0.22250576
A29: Nitrogen oxides | B29: 0.677 | D29: kilogram | E29: air::urban air close to ground | F29: biosphere | I29: 2 | J29: =LN(B29) -> -0.39008401 | K29: 1 | L29: 1 | M29: 1 | N29: 1.02 | O29: 1.2 | P29: 1 | Q29: 1.5 | R29: =LN(SQRT(EXP( SQRT( +POWER(LN(K29),2) +POWER(LN(L29),2) +POWER(LN(M29),2) +POWER(LN(N29),2) +POWER(LN(O29),2) +POWER(LN(P29),2) +POWER(LN(Q29),2) ) ))) -> 0.22250576
A30: Ammonia | B30: 0.045 | D30: kilogram | E30: air::urban air close to ground | F30: biosphere | I30: 2 | J30: =LN(B30) -> -3.1010928 | K30: 1 | L30: 1 | M30: 1 | N30: 1.02 | O30: 1.2 | P30: 1 | Q30: 1.5 | R30: =LN(SQRT(EXP( SQRT( +POWER(LN(K30),2) +POWER(LN(L30),2) +POWER(LN(M30),2) +POWER(LN(N30),2) +POWER(LN(O30),2) +POWER(LN(P30),2) +POWER(LN(Q30),2) ) ))) -> 0.22250576
A31: Particulate Matter, < 2.5 um | B31: 0.006 | D31: kilogram | E31: air::urban air close to ground | F31: biosphere | I31: 2 | J31: =LN(B31) -> -5.1159958 | K31: 1 | L31: 1 | M31: 1 | N31: 1.02 | O31: 1.2 | P31: 1 | Q31: 3 | R31: =LN(SQRT(EXP( SQRT( +POWER(LN(K31),2) +POWER(LN(L31),2) +POWER(LN(M31),2) +POWER(LN(N31),2) +POWER(LN(O31),2) +POWER(LN(P31),2) +POWER(LN(Q31),2) ) ))) -> 0.55690714
A32: Mercury II | B32: 2.3e-05 | D32: kilogram | E32: air::urban air close to ground | F32: biosphere | I32: 2 | J32: =LN(B32) -> -10.680016 | K32: 1 | L32: 1 | M32: 1 | N32: 1.02 | O32: 1.2 | P32: 1 | Q32: 5 | R32: =LN(SQRT(EXP( SQRT( +POWER(LN(K32),2) +POWER(LN(L32),2) +POWER(LN(M32),2) +POWER(LN(N32),2) +POWER(LN(O32),2) +POWER(LN(P32),2) +POWER(LN(Q32),2) ) ))) -> 0.80992649
A33: Lead II | B33: 5.6e-05 | D33: kilogram | E33: air::urban air close to ground | F33: biosphere | I33: 2 | J33: =LN(B33) -> -9.7901589 | K33: 1 | L33: 1 | M33: 1 | N33: 1.02 | O33: 1.2 | P33: 1 | Q33: 5 | R33: =LN(SQRT(EXP( SQRT( +POWER(LN(K33),2) +POWER(LN(L33),2) +POWER(LN(M33),2) +POWER(LN(N33),2) +POWER(LN(O33),2) +POWER(LN(P33),2) +POWER(LN(Q33),2) ) ))) -> 0.80992649
A34: Cadmium II | B34: 2.8e-05 | D34: kilogram | E34: air::urban air close to ground | F34: biosphere | I34: 2 | J34: =LN(B34) -> -10.483306 | K34: 1 | L34: 1 | M34: 1 | N34: 1.02 | O34: 1.2 | P34: 1 | Q34: 5 | R34: =LN(SQRT(EXP( SQRT( +POWER(LN(K34),2) +POWER(LN(L34),2) +POWER(LN(M34),2) +POWER(LN(N34),2) +POWER(LN(O34),2) +POWER(LN(P34),2) +POWER(LN(Q34),2) ) ))) -> 0.80992649
A35: Arsenic ion | B35: 6e-06 | D35: kilogram | E35: air::urban air close to ground | F35: biosphere | I35: 2 | J35: =LN(B35) -> -12.023751 | K35: 1 | L35: 1 | M35: 1 | N35: 1.02 | O35: 1.2 | P35: 1 | Q35: 5 | R35: =LN(SQRT(EXP( SQRT( +POWER(LN(K35),2) +POWER(LN(L35),2) +POWER(LN(M35),2) +POWER(LN(N35),2) +POWER(LN(O35),2) +POWER(LN(P35),2) +POWER(LN(Q35),2) ) ))) -> 0.80992649
A36: Dioxins, measured as 2,3,7,8-tetrachlorodibenzo-p-dioxin | B36: =0.11*0.000000001 -> 1.1e-10 | D36: kilogram | E36: air::urban air close to ground | F36: biosphere | I36: 2 | J36: =LN(B36) -> -22.930541 | K36: 1 | L36: 1 | M36: 1 | N36: 1.02 | O36: 1.2 | P36: 1 | Q36: 5 | R36: =LN(SQRT(EXP( SQRT( +POWER(LN(K36),2) +POWER(LN(L36),2) +POWER(LN(M36),2) +POWER(LN(N36),2) +POWER(LN(O36),2) +POWER(LN(P36),2) +POWER(LN(Q36),2) ) ))) -> 0.80992649
A37: Carbon dioxide, fossil | B37: 374 | D37: kilogram | E37: air::urban air close to ground | F37: biosphere | I37: 2 | J37: =LN(B37) -> 5.9242558 | K37: 1 | L37: 1 | M37: 1 | N37: 1.02 | O37: 1.2 | P37: 1 | Q37: 1.05 | R37: =LN(SQRT(EXP( SQRT( +POWER(LN(K37),2) +POWER(LN(L37),2) +POWER(LN(M37),2) +POWER(LN(N37),2) +POWER(LN(O37),2) +POWER(LN(P37),2) +POWER(LN(Q37),2) ) ))) -> 0.094886477
A38: Carbon dioxide, non-fossil | B38: 594 | D38: kilogram | E38: air::urban air close to ground | F38: biosphere | I38: 2 | J38: =LN(B38) -> 6.3868793 | K38: 1 | L38: 1 | M38: 1 | N38: 1.02 | O38: 1.2 | P38: 1 | Q38: 1.05 | R38: =LN(SQRT(EXP( SQRT( +POWER(LN(K38),2) +POWER(LN(L38),2) +POWER(LN(M38),2) +POWER(LN(N38),2) +POWER(LN(O38),2) +POWER(LN(P38),2) +POWER(LN(Q38),2) ) ))) -> 0.094886477
A40: Activity | B40: municipal waste incineration, at incineration plant, with semi-dry air pollution control, without flue gas condensation, with electricity and heat recovery
A41: location | B41: RER
A42: production amount | B42: 1
A43: source | B43: Valentina Bisinella, Tore Hulgaard, Christian Riber, Anders Damgaard, Thomas H. Christensen, Environmental assessment of carbon capture and storage (CCS) as a post-treatment technology in waste incineration, Waste Management, Volume 128, 2021, Pages 99-113, ISSN 0956-053X, https://doi.org/10.1016/j.wasman.2021.04.046.
A44: reference product
A45: type | B45: process
A46: unit
A47: comment | B47: The incineration plant is a multi-output activity: 1) waste treatment, 2) heat production, 3) electricity production. Data on MSW composition as received at an incinerator in Copenhagen, Denmark. The estimated lower heating value is 9.9 GJ/tonne wet waste, and total carbon content is 264 kg C/tonne wet waste, 39% of which is fossil and 61% biogenic. Lower heating value (GJ/tonne ww): 9.9. Water content (kg/tonne ww): 432. Fossil carbon content (kg C/tonne ww): 102. Biogenic carbon content (kg C/tonne ww): 162. Air Pollution Contral (APC): Semi-dry. Flue gas condensation: No. Power production: Yes. Heat production: Yes. Carbon capture: No. Electricity production per ton MSWI incinerated: 638 kWh. Heat production per ton MSWI incinerated: 6'170 MJ.
A48: Exchanges
A49: name | B49: amount | C49: location | D49: unit | E49: categories | F49: type | G49: reference product | H49: comment | I49: uncertainty type | J49: loc | K49: u1 | L49: u2 | M49: u3 | N49: u4 | O49: u5 | P49: u6 | Q49: ub | R49: scale | S49: negative
A50: municipal waste incineration, at incineration plant, with semi-dry air pollution control, without flue gas condensation, with electricity and heat recovery | B50: 1000 | C50: RER | D50: kilogram | F50: production | G50: municipal solid waste | I50: 0
A51: municipal waste incineration, at incineration plant, with semi-dry air pollution control, without flue gas condensation, with electricity and heat recovery | B51: 638 | C51: RER | D51: kilowatt hour | F51: production | G51: electricity, medium voltage | I51: 0
A52: municipal waste incineration, at incineration plant, with semi-dry air pollution control, without flue gas condensation, with electricity and heat recovery | B52: 6170 | C52: RER | D52: megajoule | F52: production | G52: heat, district or industrial, other than natural gas | I52: 0
A53: market for diesel, low-sulfur | B53: =0.1*0.85 -> 0.085 | C53: Europe without Switzerland | D53: kilogram | F53: technosphere | G53: diesel, low-sulfur | H53: Diesel density: 0.85 kg/l | I53: 2 | J53: =LN(B53) -> -2.465104 | K53: 1 | L53: 1 | M53: 1 | N53: 1.02 | O53: 1.2 | P53: 1 | Q53: 1.05 | R53: =LN(SQRT(EXP( SQRT( +POWER(LN(K53),2) +POWER(LN(L53),2) +POWER(LN(M53),2) +POWER(LN(N53),2) +POWER(LN(O53),2) +POWER(LN(P53),2) +POWER(LN(Q53),2) ) ))) -> 0.094886477
A54: market for activated carbon, granular | B54: 0.4 | C54: GLO | D54: kilogram | F54: technosphere | G54: activated carbon, granular | I54: 2 | J54: =LN(B54) -> -0.91629073 | K54: 1 | L54: 1 | M54: 1 | N54: 1.02 | O54: 1.2 | P54: 1 | Q54: 1.05 | R54: =LN(SQRT(EXP( SQRT( +POWER(LN(K54),2) +POWER(LN(L54),2) +POWER(LN(M54),2) +POWER(LN(N54),2) +POWER(LN(O54),2) +POWER(LN(P54),2) +POWER(LN(Q54),2) ) ))) -> 0.094886477
A55: market for ammonia, anhydrous, liquid | B55: =4*24.5% -> 0.98 | C55: RER | D55: kilogram | F55: technosphere | G55: ammonia, anhydrous, liquid | H55: 100% liquid ammonia. In original publication, it is dilluated to 23.5% in water. We discount the original value by 75%. | I55: 2 | J55: =LN(B55) -> -0.020202707 | K55: 1 | L55: 1 | M55: 1 | N55: 1.02 | O55: 1.2 | P55: 1 | Q55: 1.05 | R55: =LN(SQRT(EXP( SQRT( +POWER(LN(K55),2) +POWER(LN(L55),2) +POWER(LN(M55),2) +POWER(LN(N55),2) +POWER(LN(O55),2) +POWER(LN(P55),2) +POWER(LN(Q55),2) ) ))) -> 0.094886477
A56: market for tap water | B56: =4-B55 -> 3.02 | C56: Europe without Switzerland | D56: kilogram | F56: technosphere | H56: Used to dilute the ammonia. | I56: 2 | J56: =LN(B56) -> 1.1052568 | K56: 1 | L56: 1 | M56: 1 | N56: 1.02 | O56: 1.2 | P56: 1 | Q56: 1.05 | R56: =LN(SQRT(EXP( SQRT( +POWER(LN(K56),2) +POWER(LN(L56),2) +POWER(LN(M56),2) +POWER(LN(N56),2) +POWER(LN(O56),2) +POWER(LN(P56),2) +POWER(LN(Q56),2) ) ))) -> 0.094886477
A57: market for calcium carbonate, precipitated | B57: 0 | C57: RER | D57: kilogram | F57: technosphere | G57: calcium carbonate, precipitated | I57: 0
A58: market for iron(III) chloride, without water, in 40% solution state | B58: 0 | C58: RER | D58: kilogram | F58: technosphere | G58: iron(III) chloride, without water, in 40% solution state | I58: 0
A59: market for lime, hydrated, packed | B59: 11 | C59: RER | D59: kilogram | F59: technosphere | G59: lime, hydrated, packed | I59: 2 | J59: =LN(B59) -> 2.3978953 | K59: 1 | L59: 1 | M59: 1 | N59: 1.02 | O59: 1.2 | P59: 1 | Q59: 1.05 | R59: =LN(SQRT(EXP( SQRT( +POWER(LN(K59),2) +POWER(LN(L59),2) +POWER(LN(M59),2) +POWER(LN(N59),2) +POWER(LN(O59),2) +POWER(LN(P59),2) +POWER(LN(Q59),2) ) ))) -> 0.094886477
A60: market for sodium hydroxide, without water, in 50% solution state | B60: 0 | C60: RER | D60: kilogram | F60: technosphere | G60: sodium hydroxide, without water, in 50% solution state | H60: 50% liquid ammonia. In original publication, it is dilluated to 27% in water. We discount the original value by 50%. | I60: 0
A61: market for monoethanolamine | B61: 0 | C61: GLO | D61: kilogram | F61: technosphere | G61: monoethanolamine | I61: 0
A62: municipal waste incineration facility construction | B62: 2.5e-07 | C62: CH | D62: unit | F62: technosphere | G62: municipal waste incineration facility | H62: Lifetime: 4'000'000 tons MSWI treated. | I62: 2 | J62: =LN(B62) -> -15.201805 | K62: 1 | L62: 1 | M62: 1 | N62: 1.02 | O62: 1.2 | P62: 1 | Q62: 3 | R62: =LN(SQRT(EXP( SQRT( +POWER(LN(K62),2) +POWER(LN(L62),2) +POWER(LN(M62),2) +POWER(LN(N62),2) +POWER(LN(O62),2) +POWER(LN(P62),2) +POWER(LN(Q62),2) ) ))) -> 0.55690714
A63: Water, cooling, unspecified natural origin | B63: 0.15 | D63: cubic meter | F63: biosphere | I63: 2 | J63: =LN(B63) -> -1.89712 | K63: 1 | L63: 1 | M63: 1 | N63: 1.02 | O63: 1.2 | P63: 1 | Q63: 1.05 | R63: =LN(SQRT(EXP( SQRT( +POWER(LN(K63),2) +POWER(LN(L63),2) +POWER(LN(M63),2) +POWER(LN(N63),2) +POWER(LN(O63),2) +POWER(LN(P63),2) +POWER(LN(Q63),2) ) ))) -> 0.094886477
A64: Sulfur dioxide | B64: 0.113 | D64: kilogram | E64: air::urban air close to ground | F64: biosphere | I64: 2 | J64: =LN(B64) -> -2.1803675 | K64: 1 | L64: 1 | M64: 1 | N64: 1.02 | O64: 1.2 | P64: 1 | Q64: 1.05 | R64: =LN(SQRT(EXP( SQRT( +POWER(LN(K64),2) +POWER(LN(L64),2) +POWER(LN(M64),2) +POWER(LN(N64),2) +POWER(LN(O64),2) +POWER(LN(P64),2) +POWER(LN(Q64),2) ) ))) -> 0.094886477
A65: Hydrochloric acid | B65: 0.028 | D65: kilogram | E65: air::urban air close to ground | F65: biosphere | I65: 2 | J65: =LN(B65) -> -3.5755508 | K65: 1 | L65: 1 | M65: 1 | N65: 1.02 | O65: 1.2 | P65: 1 | Q65: 1.5 | R65: =LN(SQRT(EXP( SQRT( +POWER(LN(K65),2) +POWER(LN(L65),2) +POWER(LN(M65),2) +POWER(LN(N65),2) +POWER(LN(O65),2) +POWER(LN(P65),2) +POWER(LN(Q65),2) ) ))) -> 0.22250576
A66: Nitrogen oxides | B66: 0.677 | D66: kilogram | E66: air::urban air close to ground | F66: biosphere | I66: 2 | J66: =LN(B66) -> -0.39008401 | K66: 1 | L66: 1 | M66: 1 | N66: 1.02 | O66: 1.2 | P66: 1 | Q66: 1.5 | R66: =LN(SQRT(EXP( SQRT( +POWER(LN(K66),2) +POWER(LN(L66),2) +POWER(LN(M66),2) +POWER(LN(N66),2) +POWER(LN(O66),2) +POWER(LN(P66),2) +POWER(LN(Q66),2) ) ))) -> 0.22250576
A67: Ammonia | B67: 0.045 | D67: kilogram | E67: air::urban air close to ground | F67: biosphere | I67: 2 | J67: =LN(B67) -> -3.1010928 | K67: 1 | L67: 1 | M67: 1 | N67: 1.02 | O67: 1.2 | P67: 1 | Q67: 1.5 | R67: =LN(SQRT(EXP( SQRT( +POWER(LN(K67),2) +POWER(LN(L67),2) +POWER(LN(M67),2) +POWER(LN(N67),2) +POWER(LN(O67),2) +POWER(LN(P67),2) +POWER(LN(Q67),2) ) ))) -> 0.22250576
A68: Particulate Matter, < 2.5 um | B68: 0.006 | D68: kilogram | E68: air::urban air close to ground | F68: biosphere | I68: 2 | J68: =LN(B68) -> -5.1159958 | K68: 1 | L68: 1 | M68: 1 | N68: 1.02 | O68: 1.2 | P68: 1 | Q68: 3 | R68: =LN(SQRT(EXP( SQRT( +POWER(LN(K68),2) +POWER(LN(L68),2) +POWER(LN(M68),2) +POWER(LN(N68),2) +POWER(LN(O68),2) +POWER(LN(P68),2) +POWER(LN(Q68),2) ) ))) -> 0.55690714
A69: Mercury II | B69: 2.3e-05 | D69: kilogram | E69: air::urban air close to ground | F69: biosphere | I69: 2 | J69: =LN(B69) -> -10.680016 | K69: 1 | L69: 1 | M69: 1 | N69: 1.02 | O69: 1.2 | P69: 1 | Q69: 5 | R69: =LN(SQRT(EXP( SQRT( +POWER(LN(K69),2) +POWER(LN(L69),2) +POWER(LN(M69),2) +POWER(LN(N69),2) +POWER(LN(O69),2) +POWER(LN(P69),2) +POWER(LN(Q69),2) ) ))) -> 0.80992649
A70: Lead II | B70: 5.6e-05 | D70: kilogram | E70: air::urban air close to ground | F70: biosphere | I70: 2 | J70: =LN(B70) -> -9.7901589 | K70: 1 | L70: 1 | M70: 1 | N70: 1.02 | O70: 1.2 | P70: 1 | Q70: 5 | R70: =LN(SQRT(EXP( SQRT( +POWER(LN(K70),2) +POWER(LN(L70),2) +POWER(LN(M70),2) +POWER(LN(N70),2) +POWER(LN(O70),2) +POWER(LN(P70),2) +POWER(LN(Q70),2) ) ))) -> 0.80992649
A71: Cadmium II | B71: 2.8e-05 | D71: kilogram | E71: air::urban air close to ground | F71: biosphere | I71: 2 | J71: =LN(B71) -> -10.483306 | K71: 1 | L71: 1 | M71: 1 | N71: 1.02 | O71: 1.2 | P71: 1 | Q71: 5 | R71: =LN(SQRT(EXP( SQRT( +POWER(LN(K71),2) +POWER(LN(L71),2) +POWER(LN(M71),2) +POWER(LN(N71),2) +POWER(LN(O71),2) +POWER(LN(P71),2) +POWER(LN(Q71),2) ) ))) -> 0.80992649
A72: Arsenic ion | B72: 6e-06 | D72: kilogram | E72: air::urban air close to ground | F72: biosphere | I72: 2 | J72: =LN(B72) -> -12.023751 | K72: 1 | L72: 1 | M72: 1 | N72: 1.02 | O72: 1.2 | P72: 1 | Q72: 5 | R72: =LN(SQRT(EXP( SQRT( +POWER(LN(K72),2) +POWER(LN(L72),2) +POWER(LN(M72),2) +POWER(LN(N72),2) +POWER(LN(O72),2) +POWER(LN(P72),2) +POWER(LN(Q72),2) ) ))) -> 0.80992649
A73: Dioxins, measured as 2,3,7,8-tetrachlorodibenzo-p-dioxin | B73: =0.11*0.000000001 -> 1.1e-10 | D73: kilogram | E73: air::urban air close to ground | F73: biosphere | I73: 2 | J73: =LN(B73) -> -22.930541 | K73: 1 | L73: 1 | M73: 1 | N73: 1.02 | O73: 1.2 | P73: 1 | Q73: 5 | R73: =LN(SQRT(EXP( SQRT( +POWER(LN(K73),2) +POWER(LN(L73),2) +POWER(LN(M73),2) +POWER(LN(N73),2) +POWER(LN(O73),2) +POWER(LN(P73),2) +POWER(LN(Q73),2) ) ))) -> 0.80992649
A74: Carbon dioxide, fossil | B74: 374 | D74: kilogram | E74: air::urban air close to ground | F74: biosphere | I74: 2 | J74: =LN(B74) -> 5.9242558 | K74: 1 | L74: 1 | M74: 1 | N74: 1.02 | O74: 1.2 | P74: 1 | Q74: 1.05 | R74: =LN(SQRT(EXP( SQRT( +POWER(LN(K74),2) +POWER(LN(L74),2) +POWER(LN(M74),2) +POWER(LN(N74),2) +POWER(LN(O74),2) +POWER(LN(P74),2) +POWER(LN(Q74),2) ) ))) -> 0.094886477
A75: Carbon dioxide, non-fossil | B75: 594 | D75: kilogram | E75: air::urban air close to ground | F75: biosphere | I75: 2 | J75: =LN(B75) -> 6.3868793 | K75: 1 | L75: 1 | M75: 1 | N75: 1.02 | O75: 1.2 | P75: 1 | Q75: 1.05 | R75: =LN(SQRT(EXP( SQRT( +POWER(LN(K75),2) +POWER(LN(L75),2) +POWER(LN(M75),2) +POWER(LN(N75),2) +POWER(LN(O75),2) +POWER(LN(P75),2) +POWER(LN(Q75),2) ) ))) -> 0.094886477
A77: Activity | B77: municipal waste incineration, at incineration plant, with semi-dry air pollution control, with flue gas condensation, with electricity and heat recovery
A78: location | B78: RER
A79: production amount | B79: 1
A80: source | B80: Valentina Bisinella, Tore Hulgaard, Christian Riber, Anders Damgaard, Thomas H. Christensen, Environmental assessment of carbon capture and storage (CCS) as a post-treatment technology in waste incineration, Waste Management, Volume 128, 2021, Pages 99-113, ISSN 0956-053X, https://doi.org/10.1016/j.wasman.2021.04.046.
A81: reference product
A82: type | B82: process
A83: unit
A84: comment | B84: The incineration plant is a multi-output activity: 1) waste treatment, 2) heat production, 3) electricity production. Data on MSW composition as received at an incinerator in Copenhagen, Denmark. The estimated lower heating value is 9.9 GJ/tonne wet waste, and total carbon content is 264 kg C/tonne wet waste, 39% of which is fossil and 61% biogenic. Lower heating value (GJ/tonne ww): 9.9. Water content (kg/tonne ww): 432. Fossil carbon content (kg C/tonne ww): 102. Biogenic carbon content (kg C/tonne ww): 162. Air Pollution Contral (APC): Semi-dry. Flue gas condensation: Yes. Power production: Yes. Heat production: Yes. Carbon capture: No. Electricity production per ton MSWI incinerated: 623 kWh. Heat production per ton MSWI incinerated: 7'860 MJ.
A85: Exchanges
A86: name | B86: amount | C86: location | D86: unit | E86: categories | F86: type | G86: reference product | H86: comment | I86: uncertainty type | J86: loc | K86: u1 | L86: u2 | M86: u3 | N86: u4 | O86: u5 | P86: u6 | Q86: ub | R86: scale | S86: negative
A87: municipal waste incineration, at incineration plant, with semi-dry air pollution control, with flue gas condensation, with electricity and heat recovery | B87: 1000 | C87: RER | D87: kilogram | F87: production | G87: municipal solid waste | I87: 0
A88: municipal waste incineration, at incineration plant, with semi-dry air pollution control, with flue gas condensation, with electricity and heat recovery | B88: 623 | C88: RER | D88: kilowatt hour | F88: production | G88: electricity, medium voltage | I88: 0
A89: municipal waste incineration, at incineration plant, with semi-dry air pollution control, with flue gas condensation, with electricity and heat recovery | B89: 7860 | C89: RER | D89: megajoule | F89: production | G89: heat, district or industrial, other than natural gas | I89: 0
A90: market for diesel, low-sulfur | B90: =0.1*0.85 -> 0.085 | C90: Europe without Switzerland | D90: kilogram | F90: technosphere | G90: diesel, low-sulfur | H90: Diesel density: 0.85 kg/l | I90: 2 | J90: =LN(B90) -> -2.465104 | K90: 1 | L90: 1 | M90: 1 | N90: 1.02 | O90: 1.2 | P90: 1 | Q90: 1.05 | R90: =LN(SQRT(EXP( SQRT( +POWER(LN(K90),2) +POWER(LN(L90),2) +POWER(LN(M90),2) +POWER(LN(N90),2) +POWER(LN(O90),2) +POWER(LN(P90),2) +POWER(LN(Q90),2) ) ))) -> 0.094886477
A91: market for activated carbon, granular | B91: 0.4 | C91: GLO | D91: kilogram | F91: technosphere | G91: activated carbon, granular | I91: 2 | J91: =LN(B91) -> -0.91629073 | K91: 1 | L91: 1 | M91: 1 | N91: 1.02 | O91: 1.2 | P91: 1 | Q91: 1.05 | R91: =LN(SQRT(EXP( SQRT( +POWER(LN(K91),2) +POWER(LN(L91),2) +POWER(LN(M91),2) +POWER(LN(N91),2) +POWER(LN(O91),2) +POWER(LN(P91),2) +POWER(LN(Q91),2) ) ))) -> 0.094886477
A92: market for ammonia, anhydrous, liquid | B92: =4*24.5% -> 0.98 | C92: RER | D92: kilogram | F92: technosphere | G92: ammonia, anhydrous, liquid | H92: 100% liquid ammonia. In original publication, it is dilluated to 23.5% in water. We discount the original value by 75%. | I92: 2 | J92: =LN(B92) -> -0.020202707 | K92: 1 | L92: 1 | M92: 1 | N92: 1.02 | O92: 1.2 | P92: 1 | Q92: 1.05 | R92: =LN(SQRT(EXP( SQRT( +POWER(LN(K92),2) +POWER(LN(L92),2) +POWER(LN(M92),2) +POWER(LN(N92),2) +POWER(LN(O92),2) +POWER(LN(P92),2) +POWER(LN(Q92),2) ) ))) -> 0.094886477
A93: market for tap water | B93: =4-B92 -> 3.02 | C93: Europe without Switzerland | D93: kilogram | F93: technosphere | H93: Used to dilute the ammonia. | I93: 2 | J93: =LN(B93) -> 1.1052568 | K93: 1 | L93: 1 | M93: 1 | N93: 1.02 | O93: 1.2 | P93: 1 | Q93: 1.05 | R93: =LN(SQRT(EXP( SQRT( +POWER(LN(K93),2) +POWER(LN(L93),2) +POWER(LN(M93),2) +POWER(LN(N93),2) +POWER(LN(O93),2) +POWER(LN(P93),2) +POWER(LN(Q93),2) ) ))) -> 0.094886477
A94: market for calcium carbonate, precipitated | B94: 0 | C94: RER | D94: kilogram | F94: technosphere | G94: calcium carbonate, precipitated | I94: 0
A95: market for iron(III) chloride, without water, in 40% solution state | B95: 0 | C95: RER | D95: kilogram | F95: technosphere | G95: iron(III) chloride, without water, in 40% solution state | I95: 0
A96: market for lime, hydrated, packed | B96: 10 | C96: RER | D96: kilogram | F96: technosphere | G96: lime, hydrated, packed | I96: 2 | J96: =LN(B96) -> 2.3025851 | K96: 1 | L96: 1 | M96: 1 | N96: 1.02 | O96: 1.2 | P96: 1 | Q96: 1.05 | R96: =LN(SQRT(EXP( SQRT( +POWER(LN(K96),2) +POWER(LN(L96),2) +POWER(LN(M96),2) +POWER(LN(N96),2) +POWER(LN(O96),2) +POWER(LN(P96),2) +POWER(LN(Q96),2) ) ))) -> 0.094886477
A97: market for sodium hydroxide, without water, in 50% solution state | B97: =0.5*50% -> 0.25 | C97: RER | D97: kilogram | F97: technosphere | G97: sodium hydroxide, without water, in 50% solution state | H97: 50% liquid ammonia. In original publication, it is dilluated to 27% in water. We discount the original value by 50%. | I97: 0
A98: market for monoethanolamine | B98: 0 | C98: GLO | D98: kilogram | F98: technosphere | G98: monoethanolamine | I98: 0
A99: municipal waste incineration facility construction | B99: 2.5e-07 | C99: CH | D99: unit | F99: technosphere | G99: municipal waste incineration facility | H99: Lifetime: 4'000'000 tons MSWI treated. | I99: 2 | J99: =LN(B99) -> -15.201805 | K99: 1 | L99: 1 | M99: 1 | N99: 1.02 | O99: 1.2 | P99: 1 | Q99: 3 | R99: =LN(SQRT(EXP( SQRT( +POWER(LN(K99),2) +POWER(LN(L99),2) +POWER(LN(M99),2) +POWER(LN(N99),2) +POWER(LN(O99),2) +POWER(LN(P99),2) +POWER(LN(Q99),2) ) ))) -> 0.55690714
A100: Water, cooling, unspecified natural origin | B100: 0 | D100: cubic meter | F100: biosphere | I100: 0
A101: Sulfur dioxide | B101: 0.006 | D101: kilogram | E101: air::urban air close to ground | F101: biosphere | I101: 2 | J101: =LN(B101) -> -5.1159958 | K101: 1 | L101: 1 | M101: 1 | N101: 1.02 | O101: 1.2 | P101: 1 | Q101: 1.05 | R101: =LN(SQRT(EXP( SQRT( +POWER(LN(K101),2) +POWER(LN(L101),2) +POWER(LN(M101),2) +POWER(LN(N101),2) +POWER(LN(O101),2) +POWER(LN(P101),2) +POWER(LN(Q101),2) ) ))) -> 0.094886477
A102: Hydrochloric acid | B102: 0.003 | D102: kilogram | E102: air::urban air close to ground | F102: biosphere | I102: 2 | J102: =LN(B102) -> -5.809143 | K102: 1 | L102: 1 | M102: 1 | N102: 1.02 | O102: 1.2 | P102: 1 | Q102: 1.5 | R102: =LN(SQRT(EXP( SQRT( +POWER(LN(K102),2) +POWER(LN(L102),2) +POWER(LN(M102),2) +POWER(LN(N102),2) +POWER(LN(O102),2) +POWER(LN(P102),2) +POWER(LN(Q102),2) ) ))) -> 0.22250576
A103: Nitrogen oxides | B103: 0.677 | D103: kilogram | E103: air::urban air close to ground | F103: biosphere | I103: 2 | J103: =LN(B103) -> -0.39008401 | K103: 1 | L103: 1 | M103: 1 | N103: 1.02 | O103: 1.2 | P103: 1 | Q103: 1.5 | R103: =LN(SQRT(EXP( SQRT( +POWER(LN(K103),2) +POWER(LN(L103),2) +POWER(LN(M103),2) +POWER(LN(N103),2) +POWER(LN(O103),2) +POWER(LN(P103),2) +POWER(LN(Q103),2) ) ))) -> 0.22250576
...

Sheet unallocated (consequential)
A1: Activity | B1: municipal waste incineration, at incineration plant, with semi-dry air pollution control, without flue gas condensation, with electricity recovery only
A2: location | B2: RER
A3: production amount | B3: 1
A4: source | B4: Valentina Bisinella, Tore Hulgaard, Christian Riber, Anders Damgaard, Thomas H. Christensen, Environmental assessment of carbon capture and storage (CCS) as a post-treatment technology in waste incineration, Waste Management, Volume 128, 2021, Pages 99-113, ISSN 0956-053X, https://doi.org/10.1016/j.wasman.2021.04.046.
A5: reference product | B5: municipal solid waste
A6: type | B6: process
A7: unit | B7: kilogram
A8: comment | B8: The incineration plant is a multi-output activity: 1) waste treatment, 2) heat production, 3) electricity production. Data on MSW composition as received at an incinerator in Copenhagen, Denmark. The estimated lower heating value is 9.9 GJ/tonne wet waste, and total carbon content is 264 kg C/tonne wet waste, 39% of which is fossil and 61% biogenic. Lower heating value (GJ/tonne ww): 9.9. Water content (kg/tonne ww): 432. Fossil carbon content (kg C/tonne ww): 102. Biogenic carbon content (kg C/tonne ww): 162. Air Pollution Contral (APC): Semi-dry. Flue gas condensation: No. Power production: Yes. Heat production: No. Carbon capture: No. Electricity production per ton MSWI incinerated: 739 kWh.
A9: Exchanges
A10: name | B10: amount | C10: location | D10: unit | E10: categories | F10: type | G10: reference product | H10: comment | I10: normalization | J10: uncertainty type | K10: loc | L10: u1 | M10: u2 | N10: u3 | O10: u4 | P10: u5 | Q10: u6 | R10: ub | S10: scale
A11: municipal waste incineration, at incineration plant, with semi-dry air pollution control, without flue gas condensation, with electricity recovery only | B11: =unallocated!B13/I11 -> 1 | C11: RER | D11: kilogram | F11: production | G11: municipal solid waste | I11: 1000 | J11: 0
A12: market group for electricity, medium voltage | B12: =unallocated!B14/I12 -> -0.739 | C12: RER | D12: kilowatt hour | F12: technosphere | G12: electricity, medium voltage | H12: Co-produced heat and electricity. | I12: -1000 | J12: 0
A13: market for diesel, low-sulfur | B13: =unallocated!B16/I13 -> 8.5e-05 | C13: Europe without Switzerland | D13: kilogram | F13: technosphere | G13: diesel, low-sulfur | H13: Diesel density: 0.85 kg/l | I13: 1000 | J13: 2 | K13: =LN(B13) -> -9.3728593 | L13: 1 | M13: 1 | N13: 1 | O13: 1.02 | P13: 1.2 | Q13: 1 | R13: 1.05 | S13: =LN(SQRT(EXP( SQRT( +POWER(LN(L13),2) +POWER(LN(M13),2) +POWER(LN(N13),2) +POWER(LN(O13),2) +POWER(LN(P13),2) +POWER(LN(Q13),2) +POWER(LN(R13),2) ) ))) -> 0.094886477
A14: market for activated carbon, granular | B14: =unallocated!B17/I14 -> 0.0004 | C14: GLO | D14: kilogram | F14: technosphere | G14: activated carbon, granular | I14: 1000 | J14: 2 | K14: =LN(B14) -> -7.824046 | L14: 1 | M14: 1 | N14: 1 | O14: 1.02 | P14: 1.2 | Q14: 1 | R14: 1.05 | S14: =LN(SQRT(EXP( SQRT( +POWER(LN(L14),2) +POWER(LN(M14),2) +POWER(LN(N14),2) +POWER(LN(O14),2) +POWER(LN(P14),2) +POWER(LN(Q14),2) +POWER(LN(R14),2) ) ))) -> 0.094886477
A15: market for ammonia, anhydrous, liquid | B15: =unallocated!B18/I15 -> 0.00098 | C15: RER | D15: kilogram | F15: technosphere | G15: ammonia, anhydrous, liquid | H15: 100% liquid ammonia. In original publication, it is dilluated to 23.5% in water. We discount the original value by 75%. | I15: 1000 | J15: 2 | K15: =LN(B15) -> -6.927958 | L15: 1 | M15: 1 | N15: 1 | O15: 1.02 | P15: 1.2 | Q15: 1 | R15: 1.05 | S15: =LN(SQRT(EXP( SQRT( +POWER(LN(L15),2) +POWER(LN(M15),2) +POWER(LN(N15),2) +POWER(LN(O15),2) +POWER(LN(P15),2) +POWER(LN(Q15),2) +POWER(LN(R15),2) ) ))) -> 0.094886477
A16: market for tap water | B16: =unallocated!B19/I16 -> 0.00302 | C16: Europe without Switzerland | D16: kilogram | F16: technosphere | G16: tap water | H16: Used to dilute the ammonia. | I16: 1000 | J16: 2 | K16: =LN(B16) -> -5.8024984 | L16: 1 | M16: 1 | N16: 1 | O16: 1.02 | P16: 1.2 | Q16: 1 | R16: 1.05 | S16: =LN(SQRT(EXP( SQRT( +POWER(LN(L16),2) +POWER(LN(M16),2) +POWER(LN(N16),2) +POWER(LN(O16),2) +POWER(LN(P16),2) +POWER(LN(Q16),2) +POWER(LN(R16),2) ) ))) -> 0.094886477
A17: market for calcium carbonate, precipitated | B17: =unallocated!B20/I17 -> 0 | C17: RER | D17: kilogram | F17: technosphere | G17: calcium carbonate, precipitated | I17: 1000 | J17: 0
A18: market for iron(III) chloride, without water, in 40% solution state | B18: =unallocated!B21/I18 -> 0 | C18: GLO | D18: kilogram | F18: technosphere | G18: iron(III) chloride, without water, in 40% solution state | I18: 1000 | J18: 0
A19: market for lime, hydrated, packed | B19: =unallocated!B22/I19 -> 0.011 | C19: RER | D19: kilogram | F19: technosphere | G19: lime, hydrated, packed | I19: 1000 | J19: 2 | K19: =LN(B19) -> -4.50986 | L19: 1 | M19: 1 | N19: 1 | O19: 1.02 | P19: 1.2 | Q19: 1 | R19: 1.05 | S19: =LN(SQRT(EXP( SQRT( +POWER(LN(L19),2) +POWER(LN(M19),2) +POWER(LN(N19),2) +POWER(LN(O19),2) +POWER(LN(P19),2) +POWER(LN(Q19),2) +POWER(LN(R19),2) ) ))) -> 0.094886477
A20: market for sodium hydroxide, without water, in 50% solution state | B20: =unallocated!B23/I20 -> 0 | C20: RER | D20: kilogram | F20: technosphere | G20: sodium hydroxide, without water, in 50% solution state | H20: 50% liquid ammonia. In original publication, it is dilluated to 27% in water. We discount the original value by 50%. | I20: 1000 | J20: 0
A21: market for monoethanolamine | B21: =unallocated!B24/I21 -> 0 | C21: GLO | D21: kilogram | F21: technosphere | G21: monoethanolamine | I21: 1000 | J21: 0
A22: municipal waste incineration facility construction | B22: =unallocated!B25/I22 -> 2.5e-10 | C22: CH | D22: unit | F22: technosphere | G22: municipal waste incineration facility | H22: Lifetime: 4'000'000 tons MSWI treated. | I22: 1000 | J22: 2 | K22: =LN(B22) -> -22.10956 | L22: 1 | M22: 1 | N22: 1 | O22: 1.02 | P22: 1.2 | Q22: 1 | R22: 3 | S22: =LN(SQRT(EXP( SQRT( +POWER(LN(L22),2) +POWER(LN(M22),2) +POWER(LN(N22),2) +POWER(LN(O22),2) +POWER(LN(P22),2) +POWER(LN(Q22),2) +POWER(LN(R22),2) ) ))) -> 0.55690714
A23: Water, cooling, unspecified natural origin | B23: =unallocated!B26/I23 -> 0.00015 | D23: cubic meter | E23: natural resource::in water | F23: biosphere | I23: 1000 | J23: 2 | K23: =LN(B23) -> -8.8048753 | L23: 1 | M23: 1 | N23: 1 | O23: 1.02 | P23: 1.2 | Q23: 1 | R23: 1.05 | S23: =LN(SQRT(EXP( SQRT( +POWER(LN(L23),2) +POWER(LN(M23),2) +POWER(LN(N23),2) +POWER(LN(O23),2) +POWER(LN(P23),2) +POWER(LN(Q23),2) +POWER(LN(R23),2) ) ))) -> 0.094886477
A24: Sulfur dioxide | B24: =unallocated!B27/I24 -> 0.000113 | D24: kilogram | E24: air::urban air close to ground | F24: biosphere | I24: 1000 | J24: 2 | K24: =LN(B24) -> -9.0881227 | L24: 1 | M24: 1 | N24: 1 | O24: 1.02 | P24: 1.2 | Q24: 1 | R24: 1.05 | S24: =LN(SQRT(EXP( SQRT( +POWER(LN(L24),2) +POWER(LN(M24),2) +POWER(LN(N24),2) +POWER(LN(O24),2) +POWER(LN(P24),2) +POWER(LN(Q24),2) +POWER(LN(R24),2) ) ))) -> 0.094886477
A25: Hydrochloric acid | B25: =unallocated!B28/I25 -> 2.8e-05 | D25: kilogram | E25: air | F25: biosphere | I25: 1000 | J25: 2 | K25: =LN(B25) -> -10.483306 | L25: 1 | M25: 1 | N25: 1 | O25: 1.02 | P25: 1.2 | Q25: 1 | R25: 1.5 | S25: =LN(SQRT(EXP( SQRT( +POWER(LN(L25),2) +POWER(LN(M25),2) +POWER(LN(N25),2) +POWER(LN(O25),2) +POWER(LN(P25),2) +POWER(LN(Q25),2) +POWER(LN(R25),2) ) ))) -> 0.22250576
A26: Nitrogen oxides | B26: =unallocated!B29/I26 -> 0.000677 | D26: kilogram | E26: air::urban air close to ground | F26: biosphere | I26: 1000 | J26: 2 | K26: =LN(B26) -> -7.2978393 | L26: 1 | M26: 1 | N26: 1 | O26: 1.02 | P26: 1.2 | Q26: 1 | R26: 1.5 | S26: =LN(SQRT(EXP( SQRT( +POWER(LN(L26),2) +POWER(LN(M26),2) +POWER(LN(N26),2) +POWER(LN(O26),2) +POWER(LN(P26),2) +POWER(LN(Q26),2) +POWER(LN(R26),2) ) ))) -> 0.22250576
A27: Ammonia | B27: =unallocated!B30/I27 -> 4.5e-05 | D27: kilogram | E27: air::urban air close to ground | F27: biosphere | I27: 1000 | J27: 2 | K27: =LN(B27) -> -10.008848 | L27: 1 | M27: 1 | N27: 1 | O27: 1.02 | P27: 1.2 | Q27: 1 | R27: 1.5 | S27: =LN(SQRT(EXP( SQRT( +POWER(LN(L27),2) +POWER(LN(M27),2) +POWER(LN(N27),2) +POWER(LN(O27),2) +POWER(LN(P27),2) +POWER(LN(Q27),2) +POWER(LN(R27),2) ) ))) -> 0.22250576
A28: Particulate Matter, < 2.5 um | B28: =unallocated!B31/I28 -> 6e-06 | D28: kilogram | E28: air::urban air close to ground | F28: biosphere | I28: 1000 | J28: 2 | K28: =LN(B28) -> -12.023751 | L28: 1 | M28: 1 | N28: 1 | O28: 1.02 | P28: 1.2 | Q28: 1 | R28: 3 | S28: =LN(SQRT(EXP( SQRT( +POWER(LN(L28),2) +POWER(LN(M28),2) +POWER(LN(N28),2) +POWER(LN(O28),2) +POWER(LN(P28),2) +POWER(LN(Q28),2) +POWER(LN(R28),2) ) ))) -> 0.55690714
A29: Mercury II | B29: =unallocated!B32/I29 -> 2.3e-08 | D29: kilogram | E29: air::urban air close to ground | F29: biosphere | I29: 1000 | J29: 2 | K29: =LN(B29) -> -17.587772 | L29: 1 | M29: 1 | N29: 1 | O29: 1.02 | P29: 1.2 | Q29: 1 | R29: 5 | S29: =LN(SQRT(EXP( SQRT( +POWER(LN(L29),2) +POWER(LN(M29),2) +POWER(LN(N29),2) +POWER(LN(O29),2) +POWER(LN(P29),2) +POWER(LN(Q29),2) +POWER(LN(R29),2) ) ))) -> 0.80992649
A30: Lead II | B30: =unallocated!B33/I30 -> 5.6e-08 | D30: kilogram | E30: air::urban air close to ground | F30: biosphere | I30: 1000 | J30: 2 | K30: =LN(B30) -> -16.697914 | L30: 1 | M30: 1 | N30: 1 | O30: 1.02 | P30: 1.2 | Q30: 1 | R30: 5 | S30: =LN(SQRT(EXP( SQRT( +POWER(LN(L30),2) +POWER(LN(M30),2) +POWER(LN(N30),2) +POWER(LN(O30),2) +POWER(LN(P30),2) +POWER(LN(Q30),2) +POWER(LN(R30),2) ) ))) -> 0.80992649
A31: Cadmium II | B31: =unallocated!B34/I31 -> 2.8e-08 | D31: kilogram | E31: air::urban air close to ground | F31: biosphere | I31: 1000 | J31: 2 | K31: =LN(B31) -> -17.391061 | L31: 1 | M31: 1 | N31: 1 | O31: 1.02 | P31: 1.2 | Q31: 1 | R31: 5 | S31: =LN(SQRT(EXP( SQRT( +POWER(LN(L31),2) +POWER(LN(M31),2) +POWER(LN(N31),2) +POWER(LN(O31),2) +POWER(LN(P31),2) +POWER(LN(Q31),2) +POWER(LN(R31),2) ) ))) -> 0.80992649
A32: Arsenic ion | B32: =unallocated!B35/I32 -> 6e-09 | D32: kilogram | E32: air::urban air close to ground | F32: biosphere | I32: 1000 | J32: 2 | K32: =LN(B32) -> -18.931506 | L32: 1 | M32: 1 | N32: 1 | O32: 1.02 | P32: 1.2 | Q32: 1 | R32: 5 | S32: =LN(SQRT(EXP( SQRT( +POWER(LN(L32),2) +POWER(LN(M32),2) +POWER(LN(N32),2) +POWER(LN(O32),2) +POWER(LN(P32),2) +POWER(LN(Q32),2) +POWER(LN(R32),2) ) ))) -> 0.80992649
A33: Dioxins, measured as 2,3,7,8-tetrachlorodibenzo-p-dioxin | B33: =unallocated!B36/I33 -> 1.1e-13 | D33: kilogram | E33: air::urban air close to ground | F33: biosphere | I33: 1000 | J33: 2 | K33: =LN(B33) -> -29.838296 | L33: 1 | M33: 1 | N33: 1 | O33: 1.02 | P33: 1.2 | Q33: 1 | R33: 5 | S33: =LN(SQRT(EXP( SQRT( +POWER(LN(L33),2) +POWER(LN(M33),2) +POWER(LN(N33),2) +POWER(LN(O33),2) +POWER(LN(P33),2) +POWER(LN(Q33),2) +POWER(LN(R33),2) ) ))) -> 0.80992649
A34: Carbon dioxide, fossil | B34: =unallocated!B37/I34 -> 0.374 | D34: kilogram | E34: air::urban air close to ground | F34: biosphere | I34: 1000 | J34: 2 | K34: =LN(B34) -> -0.98349948 | L34: 1 | M34: 1 | N34: 1 | O34: 1.02 | P34: 1.2 | Q34: 1 | R34: 1.05 | S34: =LN(SQRT(EXP( SQRT( +POWER(LN(L34),2) +POWER(LN(M34),2) +POWER(LN(N34),2) +POWER(LN(O34),2) +POWER(LN(P34),2) +POWER(LN(Q34),2) +POWER(LN(R34),2) ) ))) -> 0.094886477
A35: Carbon dioxide, non-fossil | B35: =unallocated!B38/I35 -> 0.594 | D35: kilogram | E35: air::urban air close to ground | F35: biosphere | I35: 1000 | J35: 2 | K35: =LN(B35) -> -0.52087596 | L35: 1 | M35: 1 | N35: 1 | O35: 1.02 | P35: 1.2 | Q35: 1 | R35: 1.05 | S35: =LN(SQRT(EXP( SQRT( +POWER(LN(L35),2) +POWER(LN(M35),2) +POWER(LN(N35),2) +POWER(LN(O35),2) +POWER(LN(P35),2) +POWER(LN(Q35),2) +POWER(LN(R35),2) ) ))) -> 0.094886477
A37: Activity | B37: municipal waste incineration, at incineration plant, with semi-dry air pollution control, without flue gas condensation, with electricity and heat recovery
A38: location | B38: RER
A39: production amount | B39: 1
A40: source | B40: Valentina Bisinella, Tore Hulgaard, Christian Riber, Anders Damgaard, Thomas H. Christensen, Environmental assessment of carbon capture and storage (CCS) as a post-treatment technology in waste incineration, Waste Management, Volume 128, 2021, Pages 99-113, ISSN 0956-053X, https://doi.org/10.1016/j.wasman.2021.04.046.
A41: reference product | B41: municipal solid waste
A42: type | B42: process
A43: unit | B43: kilogram
A44: comment | B44: The incineration plant is a multi-output activity: 1) waste treatment, 2) heat production, 3) electricity production. Data on MSW composition as received at an incinerator in Copenhagen, Denmark. The estimated lower heating value is 9.9 GJ/tonne wet waste, and total carbon content is 264 kg C/tonne wet waste, 39% of which is fossil and 61% biogenic. Lower heating value (GJ/tonne ww): 9.9. Water content (kg/tonne ww): 432. Fossil carbon content (kg C/tonne ww): 102. Biogenic carbon content (kg C/tonne ww): 162. Air Pollution Contral (APC): Semi-dry. Flue gas condensation: No. Power production: Yes. Heat production: Yes. Carbon capture: No. Electricity production per ton MSWI incinerated: 638 kWh. Heat production per ton MSWI incinerated: 6'170 MJ.
A45: Exchanges
A46: name | B46: amount | C46: location | D46: unit | E46: categories | F46: type | G46: reference product | H46: comment | I46: normalization | J46: uncertainty type | K46: loc | L46: u1 | M46: u2 | N46: u3 | O46: u4 | P46: u5 | Q46: u6 | R46: ub | S46: scale
A47: municipal waste incineration, at incineration plant, with semi-dry air pollution control, without flue gas condensation, with electricity and heat recovery | B47: =unallocated!B50/I47 -> 1 | C47: RER | D47: kilogram | F47: production | G47: municipal solid waste | I47: 1000 | J47: 0
A48: market group for electricity, medium voltage | B48: =unallocated!B51/I48 -> -0.638 | C48: RER | D48: kilowatt hour | F48: technosphere | G48: electricity, medium voltage | H48: Co-produced heat and electricity. | I48: -1000 | J48: 0
A49: market for heat, central or small-scale, natural gas | B49: =unallocated!B52/I49 -> -6.17 | C49: Europe without Switzerland | D49: megajoule | F49: technosphere | G49: heat, central or small-scale, natural gas | H49: Co-produced heat and electricity. | I49: -1000 | J49: 0
A50: market for diesel, low-sulfur | B50: =unallocated!B53/I50 -> 8.5e-05 | C50: Europe without Switzerland | D50: kilogram | F50: technosphere | G50: diesel, low-sulfur | H50: Diesel density: 0.85 kg/l | I50: 1000 | J50: 2 | K50: =LN(B50) -> -9.3728593 | L50: 1 | M50: 1 | N50: 1 | O50: 1.02 | P50: 1.2 | Q50: 1 | R50: 1.05 | S50: =LN(SQRT(EXP( SQRT( +POWER(LN(L50),2) +POWER(LN(M50),2) +POWER(LN(N50),2) +POWER(LN(O50),2) +POWER(LN(P50),2) +POWER(LN(Q50),2) +POWER(LN(R50),2) ) ))) -> 0.094886477
A51: market for activated carbon, granular | B51: =unallocated!B54/I51 -> 0.0004 | C51: GLO | D51: kilogram | F51: technosphere | G51: activated carbon, granular | I51: 1000 | J51: 2 | K51: =LN(B51) -> -7.824046 | L51: 1 | M51: 1 | N51: 1 | O51: 1.02 | P51: 1.2 | Q51: 1 | R51: 1.05 | S51: =LN(SQRT(EXP( SQRT( +POWER(LN(L51),2) +POWER(LN(M51),2) +POWER(LN(N51),2) +POWER(LN(O51),2) +POWER(LN(P51),2) +POWER(LN(Q51),2) +POWER(LN(R51),2) ) ))) -> 0.094886477
A52: market for ammonia, anhydrous, liquid | B52: =unallocated!B55/I52 -> 0.00098 | C52: RER | D52: kilogram | F52: technosphere | G52: ammonia, anhydrous, liquid | H52: 100% liquid ammonia. In original publication, it is dilluated to 23.5% in water. We discount the original value by 75%. | I52: 1000 | J52: 2 | K52: =LN(B52) -> -6.927958 | L52: 1 | M52: 1 | N52: 1 | O52: 1.02 | P52: 1.2 | Q52: 1 | R52: 1.05 | S52: =LN(SQRT(EXP( SQRT( +POWER(LN(L52),2) +POWER(LN(M52),2) +POWER(LN(N52),2) +POWER(LN(O52),2) +POWER(LN(P52),2) +POWER(LN(Q52),2) +POWER(LN(R52),2) ) ))) -> 0.094886477
A53: market for tap water | B53: =unallocated!B56/I53 -> 0.00302 | C53: Europe without Switzerland | D53: kilogram | F53: technosphere | G53: tap water | H53: Used to dilute the ammonia. | I53: 1000 | J53: 2 | K53: =LN(B53) -> -5.8024984 | L53: 1 | M53: 1 | N53: 1 | O53: 1.02 | P53: 1.2 | Q53: 1 | R53: 1.05 | S53: =LN(SQRT(EXP( SQRT( +POWER(LN(L53),2) +POWER(LN(M53),2) +POWER(LN(N53),2) +POWER(LN(O53),2) +POWER(LN(P53),2) +POWER(LN(Q53),2) +POWER(LN(R53),2) ) ))) -> 0.094886477
A54: market for calcium carbonate, precipitated | B54: =unallocated!B57/I54 -> 0 | C54: RER | D54: kilogram | F54: technosphere | G54: calcium carbonate, precipitated | I54: 1000 | J54: 0
A55: market for iron(III) chloride, without water, in 40% solution state | B55: =unallocated!B58/I55 -> 0 | C55: GLO | D55: kilogram | F55: technosphere | G55: iron(III) chloride, without water, in 40% solution state | I55: 1000 | J55: 0
A56: market for lime, hydrated, packed | B56: =unallocated!B59/I56 -> 0.011 | C56: RER | D56: kilogram | F56: technosphere | G56: lime, hydrated, packed | I56: 1000 | J56: 2 | K56: =LN(B56) -> -4.50986 | L56: 1 | M56: 1 | N56: 1 | O56: 1.02 | P56: 1.2 | Q56: 1 | R56: 1.05 | S56: =LN(SQRT(EXP( SQRT( +POWER(LN(L56),2) +POWER(LN(M56),2) +POWER(LN(N56),2) +POWER(LN(O56),2) +POWER(LN(P56),2) +POWER(LN(Q56),2) +POWER(LN(R56),2) ) ))) -> 0.094886477
A57: market for sodium hydroxide, without water, in 50% solution state | B57: =unallocated!B60/I57 -> 0 | C57: RER | D57: kilogram | F57: technosphere | G57: sodium hydroxide, without water, in 50% solution state | H57: 50% liquid ammonia. In original publication, it is dilluated to 27% in water. We discount the original value by 50%. | I57: 1000 | J57: 0
A58: market for monoethanolamine | B58: =unallocated!B61/I58 -> 0 | C58: GLO | D58: kilogram | F58: technosphere | G58: monoethanolamine | I58: 1000 | J58: 0
A59: municipal waste incineration facility construction | B59: =unallocated!B62/I59 -> 2.5e-10 | C59: CH | D59: unit | F59: technosphere | G59: municipal waste incineration facility | H59: Lifetime: 4'000'000 tons MSWI treated. | I59: 1000 | J59: 2 | K59: =LN(B59) -> -22.10956 | L59: 1 | M59: 1 | N59: 1 | O59: 1.02 | P59: 1.2 | Q59: 1 | R59: 3 | S59: =LN(SQRT(EXP( SQRT( +POWER(LN(L59),2) +POWER(LN(M59),2) +POWER(LN(N59),2) +POWER(LN(O59),2) +POWER(LN(P59),2) +POWER(LN(Q59),2) +POWER(LN(R59),2) ) ))) -> 0.55690714
A60: Water, cooling, unspecified natural origin | B60: =unallocated!B63/I60 -> 0.00015 | D60: cubic meter | E60: natural resource::in water | F60: biosphere | I60: 1000 | J60: 2 | K60: =LN(B60) -> -8.8048753 | L60: 1 | M60: 1 | N60: 1 | O60: 1.02 | P60: 1.2 | Q60: 1 | R60: 1.05 | S60: =LN(SQRT(EXP( SQRT( +POWER(LN(L60),2) +POWER(LN(M60),2) +POWER(LN(N60),2) +POWER(LN(O60),2) +POWER(LN(P60),2) +POWER(LN(Q60),2) +POWER(LN(R60),2) ) ))) -> 0.094886477
A61: Sulfur dioxide | B61: =unallocated!B64/I61 -> 0.000113 | D61: kilogram | E61: air::urban air close to ground | F61: biosphere | I61: 1000 | J61: 2 | K61: =LN(B61) -> -9.0881227 | L61: 1 | M61: 1 | N61: 1 | O61: 1.02 | P61: 1.2 | Q61: 1 | R61: 1.05 | S61: =LN(SQRT(EXP( SQRT( +POWER(LN(L61),2) +POWER(LN(M61),2) +POWER(LN(N61),2) +POWER(LN(O61),2) +POWER(LN(P61),2) +POWER(LN(Q61),2) +POWER(LN(R61),2) ) ))) -> 0.094886477
A62: Hydrochloric acid | B62: =unallocated!B65/I62 -> 2.8e-05 | D62: kilogram | E62: air | F62: biosphere | I62: 1000 | J62: 2 | K62: =LN(B62) -> -10.483306 | L62: 1 | M62: 1 | N62: 1 | O62: 1.02 | P62: 1.2 | Q62: 1 | R62: 1.5 | S62: =LN(SQRT(EXP( SQRT( +POWER(LN(L62),2) +POWER(LN(M62),2) +POWER(LN(N62),2) +POWER(LN(O62),2) +POWER(LN(P62),2) +POWER(LN(Q62),2) +POWER(LN(R62),2) ) ))) -> 0.22250576
A63: Nitrogen oxides | B63: =unallocated!B66/I63 -> 0.000677 | D63: kilogram | E63: air::urban air close to ground | F63: biosphere | I63: 1000 | J63: 2 | K63: =LN(B63) -> -7.2978393 | L63: 1 | M63: 1 | N63: 1 | O63: 1.02 | P63: 1.2 | Q63: 1 | R63: 1.5 | S63: =LN(SQRT(EXP( SQRT( +POWER(LN(L63),2) +POWER(LN(M63),2) +POWER(LN(N63),2) +POWER(LN(O63),2) +POWER(LN(P63),2) +POWER(LN(Q63),2) +POWER(LN(R63),2) ) ))) -> 0.22250576
A64: Ammonia | B64: =unallocated!B67/I64 -> 4.5e-05 | D64: kilogram | E64: air::urban air close to ground | F64: biosphere | I64: 1000 | J64: 2 | K64: =LN(B64) -> -10.008848 | L64: 1 | M64: 1 | N64: 1 | O64: 1.02 | P64: 1.2 | Q64: 1 | R64: 1.5 | S64: =LN(SQRT(EXP( SQRT( +POWER(LN(L64),2) +POWER(LN(M64),2) +POWER(LN(N64),2) +POWER(LN(O64),2) +POWER(LN(P64),2) +POWER(LN(Q64),2) +POWER(LN(R64),2) ) ))) -> 0.22250576
A65: Particulate Matter, < 2.5 um | B65: =unallocated!B68/I65 -> 6e-06 | D65: kilogram | E65: air::urban air close to ground | F65: biosphere | I65: 1000 | J65: 2 | K65: =LN(B65) -> -12.023751 | L65: 1 | M65: 1 | N65: 1 | O65: 1.02 | P65: 1.2 | Q65: 1 | R65: 3 | S65: =LN(SQRT(EXP( SQRT( +POWER(LN(L65),2) +POWER(LN(M65),2) +POWER(LN(N65),2) +POWER(LN(O65),2) +POWER(LN(P65),2) +POWER(LN(Q65),2) +POWER(LN(R65),2) ) ))) -> 0.55690714
A66: Mercury II | B66: =unallocated!B69/I66 -> 2.3e-08 | D66: kilogram | E66: air::urban air close to ground | F66: biosphere | I66: 1000 | J66: 2 | K66: =LN(B66) -> -17.587772 | L66: 1 | M66: 1 | N66: 1 | O66: 1.02 | P66: 1.2 | Q66: 1 | R66: 5 | S66: =LN(SQRT(EXP( SQRT( +POWER(LN(L66),2) +POWER(LN(M66),2) +POWER(LN(N66),2) +POWER(LN(O66),2) +POWER(LN(P66),2) +POWER(LN(Q66),2) +POWER(LN(R66),2) ) ))) -> 0.80992649
A67: Lead II | B67: =unallocated!B70/I67 -> 5.6e-08 | D67: kilogram | E67: air::urban air close to ground | F67: biosphere | I67: 1000 | J67: 2 | K67: =LN(B67) -> -16.697914 | L67: 1 | M67: 1 | N67: 1 | O67: 1.02 | P67: 1.2 | Q67: 1 | R67: 5 | S67: =LN(SQRT(EXP( SQRT( +POWER(LN(L67),2) +POWER(LN(M67),2) +POWER(LN(N67),2) +POWER(LN(O67),2) +POWER(LN(P67),2) +POWER(LN(Q67),2) +POWER(LN(R67),2) ) ))) -> 0.80992649
A68: Cadmium II | B68: =unallocated!B71/I68 -> 2.8e-08 | D68: kilogram | E68: air::urban air close to ground | F68: biosphere | I68: 1000 | J68: 2 | K68: =LN(B68) -> -17.391061 | L68: 1 | M68: 1 | N68: 1 | O68: 1.02 | P68: 1.2 | Q68: 1 | R68: 5 | S68: =LN(SQRT(EXP( SQRT( +POWER(LN(L68),2) +POWER(LN(M68),2) +POWER(LN(N68),2) +POWER(LN(O68),2) +POWER(LN(P68),2) +POWER(LN(Q68),2) +POWER(LN(R68),2) ) ))) -> 0.80992649
A69: Arsenic ion | B69: =unallocated!B72/I69 -> 6e-09 | D69: kilogram | E69: air::urban air close to ground | F69: biosphere | I69: 1000 | J69: 2 | K69: =LN(B69) -> -18.931506 | L69: 1 | M69: 1 | N69: 1 | O69: 1.02 | P69: 1.2 | Q69: 1 | R69: 5 | S69: =LN(SQRT(EXP( SQRT( +POWER(LN(L69),2) +POWER(LN(M69),2) +POWER(LN(N69),2) +POWER(LN(O69),2) +POWER(LN(P69),2) +POWER(LN(Q69),2) +POWER(LN(R69),2) ) ))) -> 0.80992649
A70: Dioxins, measured as 2,3,7,8-tetrachlorodibenzo-p-dioxin | B70: =unallocated!B73/I70 -> 1.1e-13 | D70: kilogram | E70: air::urban air close to ground | F70: biosphere | I70: 1000 | J70: 2 | K70: =LN(B70) -> -29.838296 | L70: 1 | M70: 1 | N70: 1 | O70: 1.02 | P70: 1.2 | Q70: 1 | R70: 5 | S70: =LN(SQRT(EXP( SQRT( +POWER(LN(L70),2) +POWER(LN(M70),2) +POWER(LN(N70),2) +POWER(LN(O70),2) +POWER(LN(P70),2) +POWER(LN(Q70),2) +POWER(LN(R70),2) ) ))) -> 0.80992649
A71: Carbon dioxide, fossil | B71: =unallocated!B74/I71 -> 0.374 | D71: kilogram | E71: air::urban air close to ground | F71: biosphere | I71: 1000 | J71: 2 | K71: =LN(B71) -> -0.98349948 | L71: 1 | M71: 1 | N71: 1 | O71: 1.02 | P71: 1.2 | Q71: 1 | R71: 1.05 | S71: =LN(SQRT(EXP( SQRT( +POWER(LN(L71),2) +POWER(LN(M71),2) +POWER(LN(N71),2) +POWER(LN(O71),2) +POWER(LN(P71),2) +POWER(LN(Q71),2) +POWER(LN(R71),2) ) ))) -> 0.094886477
A72: Carbon dioxide, non-fossil | B72: =unallocated!B75/I72 -> 0.594 | D72: kilogram | E72: air::urban air close to ground | F72: biosphere | I72: 1000 | J72: 2 | K72: =LN(B72) -> -0.52087596 | L72: 1 | M72: 1 | N72: 1 | O72: 1.02 | P72: 1.2 | Q72: 1 | R72: 1.05 | S72: =LN(SQRT(EXP( SQRT( +POWER(LN(L72),2) +POWER(LN(M72),2) +POWER(LN(N72),2) +POWER(LN(O72),2) +POWER(LN(P72),2) +POWER(LN(Q72),2) +POWER(LN(R72),2) ) ))) -> 0.094886477
A74: Activity | B74: municipal waste incineration, at incineration plant, with semi-dry air pollution control, with flue gas condensation, with electricity and heat recovery
A75: location | B75: RER
A76: production amount | B76: 1
A77: source | B77: Valentina Bisinella, Tore Hulgaard, Christian Riber, Anders Damgaard, Thomas H. Christensen, Environmental assessment of carbon capture and storage (CCS) as a post-treatment technology in waste incineration, Waste Management, Volume 128, 2021, Pages 99-113, ISSN 0956-053X, https://doi.org/10.1016/j.wasman.2021.04.046.
A78: reference product | B78: municipal solid waste
A79: type | B79: process
A80: unit | B80: kilogram
A81: comment | B81: The incineration plant is a multi-output activity: 1) waste treatment, 2) heat production, 3) electricity production. Data on MSW composition as received at an incinerator in Copenhagen, Denmark. The estimated lower heating value is 9.9 GJ/tonne wet waste, and total carbon content is 264 kg C/tonne wet waste, 39% of which is fossil and 61% biogenic. Lower heating value (GJ/tonne ww): 9.9. Water content (kg/tonne ww): 432. Fossil carbon content (kg C/tonne ww): 102. Biogenic carbon content (kg C/tonne ww): 162. Air Pollution Contral (APC): Semi-dry. Flue gas condensation: Yes. Power production: Yes. Heat production: Yes. Carbon capture: No. Electricity production per ton MSWI incinerated: 623 kWh. Heat production per ton MSWI incinerated: 7'860 MJ.
A82: Exchanges
A83: name | B83: amount | C83: location | D83: unit | E83: categories | F83: type | G83: reference product | H83: comment | I83: normalization | J83: uncertainty type | K83: loc | L83: u1 | M83: u2 | N83: u3 | O83: u4 | P83: u5 | Q83: u6 | R83: ub | S83: scale
A84: municipal waste incineration, at incineration plant, with semi-dry air pollution control, with flue gas condensation, with electricity and heat recovery | B84: =unallocated!B87/I84 -> 1 | C84: RER | D84: kilogram | F84: production | G84: municipal solid waste | I84: 1000 | J84: 0
A85: market group for electricity, medium voltage | B85: =unallocated!B88/I85 -> -0.623 | C85: RER | D85: kilowatt hour | F85: technosphere | G85: electricity, medium voltage | H85: Co-produced heat and electricity. | I85: -1000 | J85: 0
A86: market for heat, central or small-scale, natural gas | B86: =unallocated!B89/I86 -> -7.86 | C86: Europe without Switzerland | D86: megajoule | F86: technosphere | G86: heat, central or small-scale, natural gas | H86: Co-produced heat and electricity. | I86: -1000 | J86: 0
A87: market for diesel, low-sulfur | B87: =unallocated!B90/I87 -> 8.5e-05 | C87: Europe without Switzerland | D87: kilogram | F87: technosphere | G87: diesel, low-sulfur | H87: Diesel density: 0.85 kg/l | I87: 1000 | J87: 2 | K87: =LN(B87) -> -9.3728593 | L87: 1 | M87: 1 | N87: 1 | O87: 1.02 | P87: 1.2 | Q87: 1 | R87: 1.05 | S87: =LN(SQRT(EXP( SQRT( +POWER(LN(L87),2) +POWER(LN(M87),2) +POWER(LN(N87),2) +POWER(LN(O87),2) +POWER(LN(P87),2) +POWER(LN(Q87),2) +POWER(LN(R87),2) ) ))) -> 0.094886477
A88: market for activated carbon, granular | B88: =unallocated!B91/I88 -> 0.0004 | C88: GLO | D88: kilogram | F88: technosphere | G88: activated carbon, granular | I88: 1000 | J88: 2 | K88: =LN(B88) -> -7.824046 | L88: 1 | M88: 1 | N88: 1 | O88: 1.02 | P88: 1.2 | Q88: 1 | R88: 1.05 | S88: =LN(SQRT(EXP( SQRT( +POWER(LN(L88),2) +POWER(LN(M88),2) +POWER(LN(N88),2) +POWER(LN(O88),2) +POWER(LN(P88),2) +POWER(LN(Q88),2) +POWER(LN(R88),2) ) ))) -> 0.094886477
A89: market for ammonia, anhydrous, liquid | B89: =unallocated!B92/I89 -> 0.00098 | C89: RER | D89: kilogram | F89: technosphere | G89: ammonia, anhydrous, liquid | H89: 100% liquid ammonia. In original publication, it is dilluated to 23.5% in water. We discount the original value by 75%. | I89: 1000 | J89: 2 | K89: =LN(B89) -> -6.927958 | L89: 1 | M89: 1 | N89: 1 | O89: 1.02 | P89: 1.2 | Q89: 1 | R89: 1.05 | S89: =LN(SQRT(EXP( SQRT( +POWER(LN(L89),2) +POWER(LN(M89),2) +POWER(LN(N89),2) +POWER(LN(O89),2) +POWER(LN(P89),2) +POWER(LN(Q89),2) +POWER(LN(R89),2) ) ))) -> 0.094886477
A90: market for tap water | B90: =unallocated!B93/I90 -> 0.00302 | C90: Europe without Switzerland | D90: kilogram | F90: technosphere | G90: tap water | H90: Used to dilute the ammonia. | I90: 1000 | J90: 2 | K90: =LN(B90) -> -5.8024984 | L90: 1 | M90: 1 | N90: 1 | O90: 1.02 | P90: 1.2 | Q90: 1 | R90: 1.05 | S90: =LN(SQRT(EXP( SQRT( +POWER(LN(L90),2) +POWER(LN(M90),2) +POWER(LN(N90),2) +POWER(LN(O90),2) +POWER(LN(P90),2) +POWER(LN(Q90),2) +POWER(LN(R90),2) ) ))) -> 0.094886477
A91: market for calcium carbonate, precipitated | B91: =unallocated!B94/I91 -> 0 | C91: RER | D91: kilogram | F91: technosphere | G91: calcium carbonate, precipitated | I91: 1000 | J91: 0
A92: market for iron(III) chloride, without water, in 40% solution state | B92: =unallocated!B95/I92 -> 0 | C92: GLO | D92: kilogram | F92: technosphere | G92: iron(III) chloride, without water, in 40% solution state | I92: 1000 | J92: 0
A93: market for lime, hydrated, packed | B93: =unallocated!B96/I93 -> 0.01 | C93: RER | D93: kilogram | F93: technosphere | G93: lime, hydrated, packed | I93: 1000 | J93: 2 | K93: =LN(B93) -> -4.6051702 | L93: 1 | M93: 1 | N93: 1 | O93: 1.02 | P93: 1.2 | Q93: 1 | R93: 1.05 | S93: =LN(SQRT(EXP( SQRT( +POWER(LN(L93),2) +POWER(LN(M93),2) +POWER(LN(N93),2) +POWER(LN(O93),2) +POWER(LN(P93),2) +POWER(LN(Q93),2) +POWER(LN(R93),2) ) ))) -> 0.094886477
A94: market for sodium hydroxide, without water, in 50% solution state | B94: =unallocated!B97/I94 -> 0.00025 | C94: RER | D94: kilogram | F94: technosphere | G94: sodium hydroxide, without water, in 50% solution state | H94: 50% liquid ammonia. In original publication, it is dilluated to 27% in water. We discount the original value by 50%. | I94: 1000 | J94: 0
A95: market for monoethanolamine | B95: =unallocated!B98/I95 -> 0 | C95: GLO | D95: kilogram | F95: technosphere | G95: monoethanolamine | I95: 1000 | J95: 0
A96: municipal waste incineration facility construction | B96: =unallocated!B99/I96 -> 2.5e-10 | C96: CH | D96: unit | F96: technosphere | G96: municipal waste incineration facility | H96: Lifetime: 4'000'000 tons MSWI treated. | I96: 1000 | J96: 2 | K96: =LN(B96) -> -22.10956 | L96: 1 | M96: 1 | N96: 1 | O96: 1.02 | P96: 1.2 | Q96: 1 | R96: 3 | S96: =LN(SQRT(EXP( SQRT( +POWER(LN(L96),2) +POWER(LN(M96),2) +POWER(LN(N96),2) +POWER(LN(O96),2) +POWER(LN(P96),2) +POWER(LN(Q96),2) +POWER(LN(R96),2) ) ))) -> 0.55690714
A97: Water, cooling, unspecified natural origin | B97: =unallocated!B100/I97 -> 0 | D97: cubic meter | E97: natural resource::in water | F97: biosphere | I97: 1000 | J97: 0
A98: Sulfur dioxide | B98: =unallocated!B101/I98 -> 6e-06 | D98: kilogram | E98: air::urban air close to ground | F98: biosphere | I98: 1000 | J98: 2 | K98: =LN(B98) -> -12.023751 | L98: 1 | M98: 1 | N98: 1 | O98: 1.02 | P98: 1.2 | Q98: 1 | R98: 1.05 | S98: =LN(SQRT(EXP( SQRT( +POWER(LN(L98),2) +POWER(LN(M98),2) +POWER(LN(N98),2) +POWER(LN(O98),2) +POWER(LN(P98),2) +POWER(LN(Q98),2) +POWER(LN(R98),2) ) ))) -> 0.094886477
A99: Hydrochloric acid | B99: =unallocated!B102/I99 -> 3e-06 | D99: kilogram | E99: air | F99: biosphere | I99: 1000 | J99: 2 | K99: =LN(B99) -> -12.716898 | L99: 1 | M99: 1 | N99: 1 | O99: 1.02 | P99: 1.2 | Q99: 1 | R99: 1.5 | S99: =LN(SQRT(EXP( SQRT( +POWER(LN(L99),2) +POWER(LN(M99),2) +POWER(LN(N99),2) +POWER(LN(O99),2) +POWER(LN(P99),2) +POWER(LN(Q99),2) +POWER(LN(R99),2) ) ))) -> 0.22250576
A100: Nitrogen oxides | B100: =unallocated!B103/I100 -> 0.000677 | D100: kilogram | E100: air::urban air close to ground | F100: biosphere | I100: 1000 | J100: 2 | K100: =LN(B100) -> -7.2978393 | L100: 1 | M100: 1 | N100: 1 | O100: 1.02 | P100: 1.2 | Q100: 1 | R100: 1.5 | S100: =LN(SQRT(EXP( SQRT( +POWER(LN(L100),2) +POWER(LN(M100),2) +POWER(LN(N100),2) +POWER(LN(O100),2) +POWER(LN(P100),2) +POWER(LN(Q100),2) +POWER(LN(R100),2) ) ))) -> 0.22250576
A101: Ammonia | B101: =unallocated!B104/I101 -> 1e-06 | D101: kilogram | E101: air::urban air close to ground | F101: biosphere | I101: 1000 | J101: 2 | K101: =LN(B101) -> -13.815511 | L101: 1 | M101: 1 | N101: 1 | O101: 1.02 | P101: 1.2 | Q101: 1 | R101: 1.5 | S101: =LN(SQRT(EXP( SQRT( +POWER(LN(L101),2) +POWER(LN(M101),2) +POWER(LN(N101),2) +POWER(LN(O101),2) +POWER(LN(P101),2) +POWER(LN(Q101),2) +POWER(LN(R101),2) ) ))) -> 0.22250576
A102: Particulate Matter, < 2.5 um | B102: =unallocated!B105/I102 -> 6e-06 | D102: kilogram | E102: air::urban air close to ground | F102: biosphere | I102: 1000 | J102: 2 | K102: =LN(B102) -> -12.023751 | L102: 1 | M102: 1 | N102: 1 | O102: 1.02 | P102: 1.2 | Q102: 1 | R102: 3 | S102: =LN(SQRT(EXP( SQRT( +POWER(LN(L102),2) +POWER(LN(M102),2) +POWER(LN(N102),2) +POWER(LN(O102),2) +POWER(LN(P102),2) +POWER(LN(Q102),2) +POWER(LN(R102),2) ) ))) -> 0.55690714
...

Sheet allocated (energy)
A1: Database | B1: Waste CHP
A3: Activity | B3: municipal waste incineration, at incineration plant, with semi-dry air pollution control, without flue gas condensation, with electricity recovery only, energy allocation
A4: location | B4: RER
A5: production amount | B5: 1
A6: source | B6: Valentina Bisinella, Tore Hulgaard, Christian Riber, Anders Damgaard, Thomas H. Christensen, Environmental assessment of carbon capture and storage (CCS) as a post-treatment technology in waste incineration, Waste Management, Volume 128, 2021, Pages 99-113, ISSN 0956-053X, https://doi.org/10.1016/j.wasman.2021.04.046.
A7: reference product | B7: municipal solid waste
A8: type | B8: process
A9: unit | B9: kilogram
A10: comment | B10: The incineration plant is a multi-output activity: 1) waste treatment, 2) heat production, 3) electricity production. Data on MSW composition as received at an incinerator in Copenhagen, Denmark. The estimated lower heating value is 9.9 GJ/tonne wet waste, and total carbon content is 264 kg C/tonne wet waste, 39% of which is fossil and 61% biogenic. Lower heating value (GJ/tonne ww): 9.9. Water content (kg/tonne ww): 432. Fossil carbon content (kg C/tonne ww): 102. Biogenic carbon content (kg C/tonne ww): 162. Air Pollution Contral (APC): Semi-dry. Flue gas condensation: No. Power production: Yes. Heat production: No. Carbon capture: No. Electricity production per ton MSWI incinerated: 739 kWh.
A11: Exchanges
A12: name | B12: amount | C12: location | D12: unit | E12: categories | F12: type | G12: reference product | H12: comment | I12: normalization | J12: allocation | K12: uncertainty type | L12: loc | M12: u1 | N12: u2 | O12: u3 | P12: u4 | Q12: u5 | R12: u6 | S12: ub | T12: scale | U12: negative
A13: municipal waste incineration, at incineration plant, with semi-dry air pollution control, without flue gas condensation, with electricity recovery only, energy allocation | B13: 1 | C13: RER | D13: kilogram | F13: production | G13: municipal solid waste | I13: 1000 | J13: =INDEX('allocation keys'!$F$4:$H$28,MATCH('allocated (energy)'!$B$3,'allocation keys'!$B$4:$B$28,0),MATCH('allocated (energy)'!$B$7,'allocation keys'!$F$3:$H$3,0)) -> 0 | K13: 0
A14: municipal waste incineration, at incineration plant, with semi-dry air pollution control, without flue gas condensation, with electricity recovery only, energy allocation | B14: =unallocated!B14/'allocated (energy)'!I14*'allocated (energy)'!J14 -> 0 | C14: RER | D14: kilowatt hour | F14: technosphere | G14: electricity, medium voltage | I14: 1000 | J14: =J13 -> 0 | K14: 0
A15: market for diesel, low-sulfur | B15: =unallocated!B16/'allocated (energy)'!I15*'allocated (energy)'!J15 -> 0 | C15: Europe without Switzerland | D15: kilogram | F15: technosphere | G15: diesel, low-sulfur | H15: Diesel density: 0.85 kg/l | I15: 1000 | J15: =J13 -> 0 | K15: 0
A16: market for activated carbon, granular | B16: =unallocated!B17/'allocated (energy)'!I16*'allocated (energy)'!J16 -> 0 | C16: GLO | D16: kilogram | F16: technosphere | G16: activated carbon, granular | I16: 1000 | J16: =J13 -> 0 | K16: 0
A17: market for ammonia, anhydrous, liquid | B17: =unallocated!B18/'allocated (energy)'!I17*'allocated (energy)'!J17 -> 0 | C17: RER | D17: kilogram | F17: technosphere | G17: ammonia, anhydrous, liquid | H17: 100% liquid ammonia. In original publication, it is dilluated to 23.5% in water. We discount the original value by 75%. | I17: 1000 | J17: =J13 -> 0 | K17: 0
A18: market for tap water | B18: =unallocated!B19/'allocated (energy)'!I18*'allocated (energy)'!J18 -> 0 | C18: Europe without Switzerland | D18: kilogram | F18: technosphere | G18: tap water | H18: Used to dilute the ammonia. | I18: 1000 | J18: =J13 -> 0 | K18: 0
A19: market for calcium carbonate, precipitated | B19: =unallocated!B20/'allocated (energy)'!I19*'allocated (energy)'!J19 -> 0 | C19: RER | D19: kilogram | F19: technosphere | G19: calcium carbonate, precipitated | I19: 1000 | J19: =J13 -> 0 | K19: 0
A20: market for iron(III) chloride, without water, in 40% solution state | B20: =unallocated!B21/'allocated (energy)'!I20*'allocated (energy)'!J20 -> 0 | C20: GLO | D20: kilogram | F20: technosphere | G20: iron(III) chloride, without water, in 40% solution state | I20: 1000 | J20: =J13 -> 0 | K20: 0
A21: market for lime, hydrated, packed | B21: =unallocated!B22/'allocated (energy)'!I21*'allocated (energy)'!J21 -> 0 | C21: RER | D21: kilogram | F21: technosphere | G21: lime, hydrated, packed | I21: 1000 | J21: =J13 -> 0 | K21: 0
A22: market for sodium hydroxide, without water, in 50% solution state | B22: =unallocated!B23/'allocated (energy)'!I22*'allocated (energy)'!J22 -> 0 | C22: RER | D22: kilogram | F22: technosphere | G22: sodium hydroxide, without water, in 50% solution state | H22: 50% liquid ammonia. In original publication, it is dilluated to 27% in water. We discount the original value by 50%. | I22: 1000 | J22: =J13 -> 0 | K22: 0
A23: market for monoethanolamine | B23: =unallocated!B24/'allocated (energy)'!I23*'allocated (energy)'!J23 -> 0 | C23: GLO | D23: kilogram | F23: technosphere | G23: monoethanolamine | I23: 1000 | J23: =J13 -> 0 | K23: 0
A24: municipal waste incineration facility construction | B24: =unallocated!B25/'allocated (energy)'!I24*'allocated (energy)'!J24 -> 0 | C24: CH | D24: unit | F24: technosphere | G24: municipal waste incineration facility | H24: Lifetime: 4'000'000 tons MSWI treated. | I24: 1000 | J24: =J13 -> 0 | K24: 0
A25: Water, cooling, unspecified natural origin | B25: =unallocated!B26/'allocated (energy)'!I25*'allocated (energy)'!J25 -> 0 | D25: cubic meter | E25: natural resource::in water | F25: biosphere | I25: 1000 | J25: =J13 -> 0 | K25: 0
A26: Sulfur dioxide | B26: =unallocated!B27/'allocated (energy)'!I26*'allocated (energy)'!J26 -> 0 | D26: kilogram | E26: air::urban air close to ground | F26: biosphere | I26: 1000 | J26: =J13 -> 0 | K26: 0
A27: Hydrochloric acid | B27: =unallocated!B28/'allocated (energy)'!I27*'allocated (energy)'!J27 -> 0 | D27: kilogram | E27: air | F27: biosphere | I27: 1000 | J27: =J13 -> 0 | K27: 0
A28: Nitrogen oxides | B28: =unallocated!B29/'allocated (energy)'!I28*'allocated (energy)'!J28 -> 0 | D28: kilogram | E28: air::urban air close to ground | F28: biosphere | I28: 1000 | J28: =J13 -> 0 | K28: 0
A29: Ammonia | B29: =unallocated!B30/'allocated (energy)'!I29*'allocated (energy)'!J29 -> 0 | D29: kilogram | E29: air::urban air close to ground | F29: biosphere | I29: 1000 | J29: =J13 -> 0 | K29: 0
A30: Particulate Matter, < 2.5 um | B30: =unallocated!B31/'allocated (energy)'!I30*'allocated (energy)'!J30 -> 0 | D30: kilogram | E30: air::urban air close to ground | F30: biosphere | I30: 1000 | J30: =J13 -> 0 | K30: 0
A31: Mercury II | B31: =unallocated!B32/'allocated (energy)'!I31*'allocated (energy)'!J31 -> 0 | D31: kilogram | E31: air::urban air close to ground | F31: biosphere | I31: 1000 | J31: =J13 -> 0 | K31: 0
A32: Lead II | B32: =unallocated!B33/'allocated (energy)'!I32*'allocated (energy)'!J32 -> 0 | D32: kilogram | E32: air::urban air close to ground | F32: biosphere | I32: 1000 | J32: =J13 -> 0 | K32: 0
A33: Cadmium II | B33: =unallocated!B34/'allocated (energy)'!I33*'allocated (energy)'!J33 -> 0 | D33: kilogram | E33: air::urban air close to ground | F33: biosphere | I33: 1000 | J33: =J13 -> 0 | K33: 0
A34: Arsenic ion | B34: =unallocated!B35/'allocated (energy)'!I34*'allocated (energy)'!J34 -> 0 | D34: kilogram | E34: air::urban air close to ground | F34: biosphere | I34: 1000 | J34: =J13 -> 0 | K34: 0
A35: Dioxins, measured as 2,3,7,8-tetrachlorodibenzo-p-dioxin | B35: =unallocated!B36/'allocated (energy)'!I35*'allocated (energy)'!J35 -> 0 | D35: kilogram | E35: air::urban air close to ground | F35: biosphere | I35: 1000 | J35: =J13 -> 0 | K35: 0
A36: Carbon dioxide, fossil | B36: =unallocated!B37/'allocated (energy)'!I36*'allocated (energy)'!J36 -> 0 | D36: kilogram | E36: air::urban air close to ground | F36: biosphere | I36: 1000 | J36: =J13 -> 0 | K36: 0
A37: Carbon dioxide, non-fossil | B37: =unallocated!B38/'allocated (energy)'!I37*'allocated (energy)'!J37 -> 0 | D37: kilogram | E37: air::urban air close to ground | F37: biosphere | I37: 1000 | J37: =J13 -> 0 | K37: 0
A39: Activity | B39: municipal waste incineration, at incineration plant, with semi-dry air pollution control, without flue gas condensation, with electricity recovery only, energy allocation
A40: location | B40: RER
A41: production amount | B41: 1
A42: source | B42: Valentina Bisinella, Tore Hulgaard, Christian Riber, Anders Damgaard, Thomas H. Christensen, Environmental assessment of carbon capture and storage (CCS) as a post-treatment technology in waste incineration, Waste Management, Volume 128, 2021, Pages 99-113, ISSN 0956-053X, https://doi.org/10.1016/j.wasman.2021.04.046.
A43: reference product | B43: electricity, medium voltage
A44: type | B44: process
A45: unit | B45: kilowatt hour
A46: comment | B46: The incineration plant is a multi-output activity: 1) waste treatment, 2) heat production, 3) electricity production. Data on MSW composition as received at an incinerator in Copenhagen, Denmark. The estimated lower heating value is 9.9 GJ/tonne wet waste, and total carbon content is 264 kg C/tonne wet waste, 39% of which is fossil and 61% biogenic. Lower heating value (GJ/tonne ww): 9.9. Water content (kg/tonne ww): 432. Fossil carbon content (kg C/tonne ww): 102. Biogenic carbon content (kg C/tonne ww): 162. Air Pollution Contral (APC): Semi-dry. Flue gas condensation: No. Power production: Yes. Heat production: No. Carbon capture: No. Electricity production per ton MSWI incinerated: 739 kWh.
A47: Exchanges
A48: name | B48: amount | C48: location | D48: unit | E48: categories | F48: type | G48: reference product | H48: comment | I48: normalization | J48: allocation | K48: uncertainty type | L48: loc | M48: u1 | N48: u2 | O48: u3 | P48: u4 | Q48: u5 | R48: u6 | S48: ub | T48: scale | U48: negative
A49: municipal waste incineration, at incineration plant, with semi-dry air pollution control, without flue gas condensation, with electricity recovery only, energy allocation | B49: 0 | C49: RER | D49: kilogram | F49: technosphere | G49: municipal solid waste | I49: 739 | J49: =INDEX('allocation keys'!$F$4:$H$28,MATCH('allocated (energy)'!$B$39,'allocation keys'!$B$4:$B$28,0),MATCH('allocated (energy)'!$B$43,'allocation keys'!$F$3:$H$3,0)) -> 1 | K49: 0
A50: municipal waste incineration, at incineration plant, with semi-dry air pollution control, without flue gas condensation, with electricity recovery only, energy allocation | B50: 1 | C50: RER | D50: kilowatt hour | F50: production | G50: electricity, medium voltage | I50: 739 | J50: =J49 -> 1 | K50: 0
A51: market for diesel, low-sulfur | B51: =unallocated!B16/'allocated (energy)'!I51*'allocated (energy)'!J51 -> 0.0001150203 | C51: Europe without Switzerland | D51: kilogram | F51: technosphere | G51: diesel, low-sulfur | H51: Diesel density: 0.85 kg/l | I51: 739 | J51: =J49 -> 1 | K51: 2 | L51: =LN(B51) -> -9.0704019 | M51: 1 | N51: 1 | O51: 1 | P51: 1.02 | Q51: 1.2 | R51: 1 | S51: 1.05 | T51: =LN(SQRT(EXP( SQRT( +POWER(LN(M51),2) +POWER(LN(N51),2) +POWER(LN(O51),2) +POWER(LN(P51),2) +POWER(LN(Q51),2) +POWER(LN(R51),2) +POWER(LN(S51),2) ) ))) -> 0.094886477
A52: market for activated carbon, granular | B52: =unallocated!B17/'allocated (energy)'!I52*'allocated (energy)'!J52 -> 0.00054127199 | C52: GLO | D52: kilogram | F52: technosphere | G52: activated carbon, granular | I52: 739 | J52: =J49 -> 1 | K52: 2 | L52: =LN(B52) -> -7.5215887 | M52: 1 | N52: 1 | O52: 1 | P52: 1.02 | Q52: 1.2 | R52: 1 | S52: 1.05 | T52: =LN(SQRT(EXP( SQRT( +POWER(LN(M52),2) +POWER(LN(N52),2) +POWER(LN(O52),2) +POWER(LN(P52),2) +POWER(LN(Q52),2) +POWER(LN(R52),2) +POWER(LN(S52),2) ) ))) -> 0.094886477
A53: market for ammonia, anhydrous, liquid | B53: =unallocated!B18/'allocated (energy)'!I53*'allocated (energy)'!J53 -> 0.0013261164 | C53: RER | D53: kilogram | F53: technosphere | G53: ammonia, anhydrous, liquid | H53: 100% liquid ammonia. In original publication, it is dilluated to 23.5% in water. We discount the original value by 75%. | I53: 739 | J53: =J49 -> 1 | K53: 2 | L53: =LN(B53) -> -6.6255006 | M53: 1 | N53: 1 | O53: 1 | P53: 1.02 | Q53: 1.2 | R53: 1 | S53: 1.05 | T53: =LN(SQRT(EXP( SQRT( +POWER(LN(M53),2) +POWER(LN(N53),2) +POWER(LN(O53),2) +POWER(LN(P53),2) +POWER(LN(Q53),2) +POWER(LN(R53),2) +POWER(LN(S53),2) ) ))) -> 0.094886477
A54: market for tap water | B54: =unallocated!B19/'allocated (energy)'!I54*'allocated (energy)'!J54 -> 0.0040866035 | C54: Europe without Switzerland | D54: kilogram | F54: technosphere | G54: tap water | H54: Used to dilute the ammonia. | I54: 739 | J54: =J49 -> 1 | K54: 2 | L54: =LN(B54) -> -5.5000411 | M54: 1 | N54: 1 | O54: 1 | P54: 1.02 | Q54: 1.2 | R54: 1 | S54: 1.05 | T54: =LN(SQRT(EXP( SQRT( +POWER(LN(M54),2) +POWER(LN(N54),2) +POWER(LN(O54),2) +POWER(LN(P54),2) +POWER(LN(Q54),2) +POWER(LN(R54),2) +POWER(LN(S54),2) ) ))) -> 0.094886477
A55: market for calcium carbonate, precipitated | B55: =unallocated!B20/'allocated (energy)'!I55*'allocated (energy)'!J55 -> 0 | C55: RER | D55: kilogram | F55: technosphere | G55: calcium carbonate, precipitated | I55: 739 | J55: =J49 -> 1 | K55: 0
A56: market for iron(III) chloride, without water, in 40% solution state | B56: =unallocated!B21/'allocated (energy)'!I56*'allocated (energy)'!J56 -> 0 | C56: GLO | D56: kilogram | F56: technosphere | G56: iron(III) chloride, without water, in 40% solution state | I56: 739 | J56: =J49 -> 1 | K56: 0
A57: market for lime, hydrated, packed | B57: =unallocated!B22/'allocated (energy)'!I57*'allocated (energy)'!J57 -> 0.01488498 | C57: RER | D57: kilogram | F57: technosphere | G57: lime, hydrated, packed | I57: 739 | J57: =J49 -> 1 | K57: 2 | L57: =LN(B57) -> -4.2074026 | M57: 1 | N57: 1 | O57: 1 | P57: 1.02 | Q57: 1.2 | R57: 1 | S57: 1.05 | T57: =LN(SQRT(EXP( SQRT( +POWER(LN(M57),2) +POWER(LN(N57),2) +POWER(LN(O57),2) +POWER(LN(P57),2) +POWER(LN(Q57),2) +POWER(LN(R57),2) +POWER(LN(S57),2) ) ))) -> 0.094886477
A58: market for sodium hydroxide, without water, in 50% solution state | B58: =unallocated!B23/'allocated (energy)'!I58*'allocated (energy)'!J58 -> 0 | C58: RER | D58: kilogram | F58: technosphere | G58: sodium hydroxide, without water, in 50% solution state | H58: 50% liquid ammonia. In original publication, it is dilluated to 27% in water. We discount the original value by 50%. | I58: 739 | J58: =J49 -> 1 | K58: 0
A59: market for monoethanolamine | B59: =unallocated!B24/'allocated (energy)'!I59*'allocated (energy)'!J59 -> 0 | C59: GLO | D59: kilogram | F59: technosphere | G59: monoethanolamine | I59: 739 | J59: =J49 -> 1 | K59: 0
A60: municipal waste incineration facility construction | B60: =unallocated!B25/'allocated (energy)'!I60*'allocated (energy)'!J60 -> 3.3829499e-10 | C60: CH | D60: unit | F60: technosphere | G60: municipal waste incineration facility | H60: Lifetime: 4'000'000 tons MSWI treated. | I60: 739 | J60: =J49 -> 1 | K60: 2 | L60: =LN(B60) -> -21.807103 | M60: 1 | N60: 1 | O60: 1 | P60: 1.02 | Q60: 1.2 | R60: 1 | S60: 3 | T60: =LN(SQRT(EXP( SQRT( +POWER(LN(M60),2) +POWER(LN(N60),2) +POWER(LN(O60),2) +POWER(LN(P60),2) +POWER(LN(Q60),2) +POWER(LN(R60),2) +POWER(LN(S60),2) ) ))) -> 0.55690714
A61: Water, cooling, unspecified natural origin | B61: =unallocated!B26/'allocated (energy)'!I61*'allocated (energy)'!J61 -> 0.000202977 | D61: cubic meter | E61: natural resource::in water | F61: biosphere | I61: 739 | J61: =J49 -> 1 | K61: 2 | L61: =LN(B61) -> -8.5024179 | M61: 1 | N61: 1 | O61: 1 | P61: 1.02 | Q61: 1.2 | R61: 1 | S61: 1.05 | T61: =LN(SQRT(EXP( SQRT( +POWER(LN(M61),2) +POWER(LN(N61),2) +POWER(LN(O61),2) +POWER(LN(P61),2) +POWER(LN(Q61),2) +POWER(LN(R61),2) +POWER(LN(S61),2) ) ))) -> 0.094886477
A62: Sulfur dioxide | B62: =unallocated!B27/'allocated (energy)'!I62*'allocated (energy)'!J62 -> 0.00015290934 | D62: kilogram | E62: air::urban air close to ground | F62: biosphere | I62: 739 | J62: =J49 -> 1 | K62: 2 | L62: =LN(B62) -> -8.7856654 | M62: 1 | N62: 1 | O62: 1 | P62: 1.02 | Q62: 1.2 | R62: 1 | S62: 1.05 | T62: =LN(SQRT(EXP( SQRT( +POWER(LN(M62),2) +POWER(LN(N62),2) +POWER(LN(O62),2) +POWER(LN(P62),2) +POWER(LN(Q62),2) +POWER(LN(R62),2) +POWER(LN(S62),2) ) ))) -> 0.094886477
A63: Hydrochloric acid | B63: =unallocated!B28/'allocated (energy)'!I63*'allocated (energy)'!J63 -> 3.7889039e-05 | D63: kilogram | E63: air | F63: biosphere | I63: 739 | J63: =J49 -> 1 | K63: 2 | L63: =LN(B63) -> -10.180849 | M63: 1 | N63: 1 | O63: 1 | P63: 1.02 | Q63: 1.2 | R63: 1 | S63: 1.5 | T63: =LN(SQRT(EXP( SQRT( +POWER(LN(M63),2) +POWER(LN(N63),2) +POWER(LN(O63),2) +POWER(LN(P63),2) +POWER(LN(Q63),2) +POWER(LN(R63),2) +POWER(LN(S63),2) ) ))) -> 0.22250576
A64: Nitrogen oxides | B64: =unallocated!B29/'allocated (energy)'!I64*'allocated (energy)'!J64 -> 0.00091610284 | D64: kilogram | E64: air::urban air close to ground | F64: biosphere | I64: 739 | J64: =J49 -> 1 | K64: 2 | L64: =LN(B64) -> -6.9953819 | M64: 1 | N64: 1 | O64: 1 | P64: 1.02 | Q64: 1.2 | R64: 1 | S64: 1.5 | T64: =LN(SQRT(EXP( SQRT( +POWER(LN(M64),2) +POWER(LN(N64),2) +POWER(LN(O64),2) +POWER(LN(P64),2) +POWER(LN(Q64),2) +POWER(LN(R64),2) +POWER(LN(S64),2) ) ))) -> 0.22250576
A65: Ammonia | B65: =unallocated!B30/'allocated (energy)'!I65*'allocated (energy)'!J65 -> 6.0893099e-05 | D65: kilogram | E65: air::urban air close to ground | F65: biosphere | I65: 739 | J65: =J49 -> 1 | K65: 2 | L65: =LN(B65) -> -9.7063907 | M65: 1 | N65: 1 | O65: 1 | P65: 1.02 | Q65: 1.2 | R65: 1 | S65: 1.5 | T65: =LN(SQRT(EXP( SQRT( +POWER(LN(M65),2) +POWER(LN(N65),2) +POWER(LN(O65),2) +POWER(LN(P65),2) +POWER(LN(Q65),2) +POWER(LN(R65),2) +POWER(LN(S65),2) ) ))) -> 0.22250576
A66: Particulate Matter, < 2.5 um | B66: =unallocated!B31/'allocated (energy)'!I66*'allocated (energy)'!J66 -> 8.1190798e-06 | D66: kilogram | E66: air::urban air close to ground | F66: biosphere | I66: 739 | J66: =J49 -> 1 | K66: 2 | L66: =LN(B66) -> -11.721294 | M66: 1 | N66: 1 | O66: 1 | P66: 1.02 | Q66: 1.2 | R66: 1 | S66: 3 | T66: =LN(SQRT(EXP( SQRT( +POWER(LN(M66),2) +POWER(LN(N66),2) +POWER(LN(O66),2) +POWER(LN(P66),2) +POWER(LN(Q66),2) +POWER(LN(R66),2) +POWER(LN(S66),2) ) ))) -> 0.55690714
A67: Mercury II | B67: =unallocated!B32/'allocated (energy)'!I67*'allocated (energy)'!J67 -> 3.1123139e-08 | D67: kilogram | E67: air::urban air close to ground | F67: biosphere | I67: 739 | J67: =J49 -> 1 | K67: 2 | L67: =LN(B67) -> -17.285314 | M67: 1 | N67: 1 | O67: 1 | P67: 1.02 | Q67: 1.2 | R67: 1 | S67: 5 | T67: =LN(SQRT(EXP( SQRT( +POWER(LN(M67),2) +POWER(LN(N67),2) +POWER(LN(O67),2) +POWER(LN(P67),2) +POWER(LN(Q67),2) +POWER(LN(R67),2) +POWER(LN(S67),2) ) ))) -> 0.80992649
A68: Lead II | B68: =unallocated!B33/'allocated (energy)'!I68*'allocated (energy)'!J68 -> 7.5778078e-08 | D68: kilogram | E68: air::urban air close to ground | F68: biosphere | I68: 739 | J68: =J49 -> 1 | K68: 2 | L68: =LN(B68) -> -16.395457 | M68: 1 | N68: 1 | O68: 1 | P68: 1.02 | Q68: 1.2 | R68: 1 | S68: 5 | T68: =LN(SQRT(EXP( SQRT( +POWER(LN(M68),2) +POWER(LN(N68),2) +POWER(LN(O68),2) +POWER(LN(P68),2) +POWER(LN(Q68),2) +POWER(LN(R68),2) +POWER(LN(S68),2) ) ))) -> 0.80992649
A69: Cadmium II | B69: =unallocated!B34/'allocated (energy)'!I69*'allocated (energy)'!J69 -> 3.7889039e-08 | D69: kilogram | E69: air::urban air close to ground | F69: biosphere | I69: 739 | J69: =J49 -> 1 | K69: 2 | L69: =LN(B69) -> -17.088604 | M69: 1 | N69: 1 | O69: 1 | P69: 1.02 | Q69: 1.2 | R69: 1 | S69: 5 | T69: =LN(SQRT(EXP( SQRT( +POWER(LN(M69),2) +POWER(LN(N69),2) +POWER(LN(O69),2) +POWER(LN(P69),2) +POWER(LN(Q69),2) +POWER(LN(R69),2) +POWER(LN(S69),2) ) ))) -> 0.80992649
A70: Arsenic ion | B70: =unallocated!B35/'allocated (energy)'!I70*'allocated (energy)'!J70 -> 8.1190798e-09 | D70: kilogram | E70: air::urban air close to ground | F70: biosphere | I70: 739 | J70: =J49 -> 1 | K70: 2 | L70: =LN(B70) -> -18.629049 | M70: 1 | N70: 1 | O70: 1 | P70: 1.02 | Q70: 1.2 | R70: 1 | S70: 5 | T70: =LN(SQRT(EXP( SQRT( +POWER(LN(M70),2) +POWER(LN(N70),2) +POWER(LN(O70),2) +POWER(LN(P70),2) +POWER(LN(Q70),2) +POWER(LN(R70),2) +POWER(LN(S70),2) ) ))) -> 0.80992649
A71: Dioxins, measured as 2,3,7,8-tetrachlorodibenzo-p-dioxin | B71: =unallocated!B36/'allocated (energy)'!I71*'allocated (energy)'!J71 -> 1.488498e-13 | D71: kilogram | E71: air::urban air close to ground | F71: biosphere | I71: 739 | J71: =J49 -> 1 | K71: 2 | L71: =LN(B71) -> -29.535839 | M71: 1 | N71: 1 | O71: 1 | P71: 1.02 | Q71: 1.2 | R71: 1 | S71: 5 | T71: =LN(SQRT(EXP( SQRT( +POWER(LN(M71),2) +POWER(LN(N71),2) +POWER(LN(O71),2) +POWER(LN(P71),2) +POWER(LN(Q71),2) +POWER(LN(R71),2) +POWER(LN(S71),2) ) ))) -> 0.80992649
A72: Carbon dioxide, fossil | B72: =unallocated!B37/'allocated (energy)'!I72*'allocated (energy)'!J72 -> 0.50608931 | D72: kilogram | E72: air::urban air close to ground | F72: biosphere | I72: 739 | J72: =J49 -> 1 | K72: 2 | L72: =LN(B72) -> -0.68104212 | M72: 1 | N72: 1 | O72: 1 | P72: 1.02 | Q72: 1.2 | R72: 1 | S72: 1.05 | T72: =LN(SQRT(EXP( SQRT( +POWER(LN(M72),2) +POWER(LN(N72),2) +POWER(LN(O72),2) +POWER(LN(P72),2) +POWER(LN(Q72),2) +POWER(LN(R72),2) +POWER(LN(S72),2) ) ))) -> 0.094886477
A73: Carbon dioxide, non-fossil | B73: =unallocated!B38/'allocated (energy)'!I73*'allocated (energy)'!J73 -> 0.8037889 | D73: kilogram | E73: air::urban air close to ground | F73: biosphere | I73: 739 | J73: =J49 -> 1 | K73: 2 | L73: =LN(B73) -> -0.2184186 | M73: 1 | N73: 1 | O73: 1 | P73: 1.02 | Q73: 1.2 | R73: 1 | S73: 1.05 | T73: =LN(SQRT(EXP( SQRT( +POWER(LN(M73),2) +POWER(LN(N73),2) +POWER(LN(O73),2) +POWER(LN(P73),2) +POWER(LN(Q73),2) +POWER(LN(R73),2) +POWER(LN(S73),2) ) ))) -> 0.094886477
A75: Activity | B75: municipal waste incineration, at incineration plant, with semi-dry air pollution control, without flue gas condensation, with electricity and heat recovery, energy allocation
A76: location | B76: RER
A77: production amount | B77: 1
A78: source | B78: Valentina Bisinella, Tore Hulgaard, Christian Riber, Anders Damgaard, Thomas H. Christensen, Environmental assessment of carbon capture and storage (CCS) as a post-treatment technology in waste incineration, Waste Management, Volume 128, 2021, Pages 99-113, ISSN 0956-053X, https://doi.org/10.1016/j.wasman.2021.04.046.
A79: reference product | B79: municipal solid waste
A80: type | B80: process
A81: unit | B81: kilogram
A82: comment | B82: The incineration plant is a multi-output activity: 1) waste treatment, 2) heat production, 3) electricity production. Data on MSW composition as received at an incinerator in Copenhagen, Denmark. The estimated lower heating value is 9.9 GJ/tonne wet waste, and total carbon content is 264 kg C/tonne wet waste, 39% of which is fossil and 61% biogenic. Lower heating value (GJ/tonne ww): 9.9. Water content (kg/tonne ww): 432. Fossil carbon content (kg C/tonne ww): 102. Biogenic carbon content (kg C/tonne ww): 162. Air Pollution Contral (APC): Semi-dry. Flue gas condensation: No. Power production: Yes. Heat production: Yes. Carbon capture: No. Electricity production per ton MSWI incinerated: 638 kWh. Heat production per ton MSWI incinerated: 6'170 MJ.
A83: Exchanges
A84: name | B84: amount | C84: location | D84: unit | E84: categories | F84: type | G84: reference product | H84: comment | I84: normalization | J84: allocation | K84: uncertainty type | L84: loc | M84: u1 | N84: u2 | O84: u3 | P84: u4 | Q84: u5 | R84: u6 | S84: ub | T84: scale
A85: municipal waste incineration, at incineration plant, with semi-dry air pollution control, without flue gas condensation, with electricity and heat recovery, energy allocation | B85: 1 | C85: RER | D85: kilogram | F85: production | G85: municipal solid waste | I85: 1000 | J85: =INDEX('allocation keys'!$F$4:$H$28,MATCH('allocated (energy)'!$B$75,'allocation keys'!$B$4:$B$28,0),MATCH('allocated (energy)'!$B$79,'allocation keys'!$F$3:$H$3,0)) -> 0 | K85: 0
A86: municipal waste incineration, at incineration plant, with semi-dry air pollution control, without flue gas condensation, with electricity and heat recovery, energy allocation | B86: 0 | C86: RER | D86: kilowatt hour | F86: technosphere | G86: electricity, medium voltage | I86: 1000 | J86: =J85 -> 0 | K86: 0
A87: municipal waste incineration, at incineration plant, with semi-dry air pollution control, without flue gas condensation, with electricity and heat recovery, energy allocation | B87: 0 | C87: RER | D87: megajoule | F87: technosphere | G87: heat, district or industrial, other than natural gas | I87: 1000 | J87: =J85 -> 0 | K87: 0
A88: market for diesel, low-sulfur | B88: =unallocated!B53/'allocated (energy)'!I88*'allocated (energy)'!J88 -> 0 | C88: Europe without Switzerland | D88: kilogram | F88: technosphere | G88: diesel, low-sulfur | H88: Diesel density: 0.85 kg/l | I88: 1000 | J88: =J85 -> 0 | K88: 0
A89: market for activated carbon, granular | B89: =unallocated!B54/'allocated (energy)'!I89*'allocated (energy)'!J89 -> 0 | C89: GLO | D89: kilogram | F89: technosphere | G89: activated carbon, granular | I89: 1000 | J89: =J85 -> 0 | K89: 0
A90: market for ammonia, anhydrous, liquid | B90: =unallocated!B55/'allocated (energy)'!I90*'allocated (energy)'!J90 -> 0 | C90: RER | D90: kilogram | F90: technosphere | G90: ammonia, anhydrous, liquid | H90: 100% liquid ammonia. In original publication, it is dilluated to 23.5% in water. We discount the original value by 75%. | I90: 1000 | J90: =J85 -> 0 | K90: 0
A91: market for tap water | B91: =unallocated!B56/'allocated (energy)'!I91*'allocated (energy)'!J91 -> 0 | C91: Europe without Switzerland | D91: kilogram | F91: technosphere | G91: tap water | H91: Used to dilute the ammonia. | I91: 1000 | J91: =J85 -> 0 | K91: 0
A92: market for calcium carbonate, precipitated | B92: =unallocated!B57/'allocated (energy)'!I92*'allocated (energy)'!J92 -> 0 | C92: RER | D92: kilogram | F92: technosphere | G92: calcium carbonate, precipitated | I92: 1000 | J92: =J85 -> 0 | K92: 0
A93: market for iron(III) chloride, without water, in 40% solution state | B93: =unallocated!B58/'allocated (energy)'!I93*'allocated (energy)'!J93 -> 0 | C93: GLO | D93: kilogram | F93: technosphere | G93: iron(III) chloride, without water, in 40% solution state | I93: 1000 | J93: =J85 -> 0 | K93: 0
A94: market for lime, hydrated, packed | B94: =unallocated!B59/'allocated (energy)'!I94*'allocated (energy)'!J94 -> 0 | C94: RER | D94: kilogram | F94: technosphere | G94: lime, hydrated, packed | I94: 1000 | J94: =J85 -> 0 | K94: 0
A95: market for sodium hydroxide, without water, in 50% solution state | B95: =unallocated!B60/'allocated (energy)'!I95*'allocated (energy)'!J95 -> 0 | C95: RER | D95: kilogram | F95: technosphere | G95: sodium hydroxide, without water, in 50% solution state | H95: 50% liquid ammonia. In original publication, it is dilluated to 27% in water. We discount the original value by 50%. | I95: 1000 | J95: =J85 -> 0 | K95: 0
A96: market for monoethanolamine | B96: =unallocated!B61/'allocated (energy)'!I96*'allocated (energy)'!J96 -> 0 | C96: GLO | D96: kilogram | F96: technosphere | G96: monoethanolamine | I96: 1000 | J96: =J85 -> 0 | K96: 0
A97: municipal waste incineration facility construction | B97: =unallocated!B62/'allocated (energy)'!I97*'allocated (energy)'!J97 -> 0 | C97: CH | D97: unit | F97: technosphere | G97: municipal waste incineration facility | H97: Lifetime: 4'000'000 tons MSWI treated. | I97: 1000 | J97: =J85 -> 0 | K97: 0
A98: Water, cooling, unspecified natural origin | B98: =unallocated!B63/'allocated (energy)'!I98*'allocated (energy)'!J98 -> 0 | D98: cubic meter | E98: natural resource::in water | F98: biosphere | I98: 1000 | J98: =J85 -> 0 | K98: 0
A99: Sulfur dioxide | B99: =unallocated!B64/'allocated (energy)'!I99*'allocated (energy)'!J99 -> 0 | D99: kilogram | E99: air::urban air close to ground | F99: biosphere | I99: 1000 | J99: =J85 -> 0 | K99: 0
A100: Hydrochloric acid | B100: =unallocated!B65/'allocated (energy)'!I100*'allocated (energy)'!J100 -> 0 | D100: kilogram | E100: air | F100: biosphere | I100: 1000 | J100: =J85 -> 0 | K100: 0
A101: Nitrogen oxides | B101: =unallocated!B66/'allocated (energy)'!I101*'allocated (energy)'!J101 -> 0 | D101: kilogram | E101: air::urban air close to ground | F101: biosphere | I101: 1000 | J101: =J85 -> 0 | K101: 0
A102: Ammonia | B102: =unallocated!B67/'allocated (energy)'!I102*'allocated (energy)'!J102 -> 0 | D102: kilogram | E102: air::urban air close to ground | F102: biosphere | I102: 1000 | J102: =J85 -> 0 | K102: 0
A103: Particulate Matter, < 2.5 um | B103: =unallocated!B68/'allocated (energy)'!I103*'allocated (energy)'!J103 -> 0 | D103: kilogram | E103: air::urban air close to ground | F103: biosphere | I103: 1000 | J103: =J85 -> 0 | K103: 0
...

Sheet allocated (exergy)
A1: Activity | B1: municipal waste incineration, at incineration plant, with semi-dry air pollution control, without flue gas condensation, with electricity recovery only, exergy allocation
A2: location | B2: RER
A3: production amount | B3: 1
A4: source | B4: Valentina Bisinella, Tore Hulgaard, Christian Riber, Anders Damgaard, Thomas H. Christensen, Environmental assessment of carbon capture and storage (CCS) as a post-treatment technology in waste incineration, Waste Management, Volume 128, 2021, Pages 99-113, ISSN 0956-053X, https://doi.org/10.1016/j.wasman.2021.04.046.
A5: reference product | B5: municipal solid waste
A6: type | B6: process
A7: unit | B7: kilogram
A8: comment | B8: The incineration plant is a multi-output activity: 1) waste treatment, 2) heat production, 3) electricity production. Data on MSW composition as received at an incinerator in Copenhagen, Denmark. The estimated lower heating value is 9.9 GJ/tonne wet waste, and total carbon content is 264 kg C/tonne wet waste, 39% of which is fossil and 61% biogenic. Lower heating value (GJ/tonne ww): 9.9. Water content (kg/tonne ww): 432. Fossil carbon content (kg C/tonne ww): 102. Biogenic carbon content (kg C/tonne ww): 162. Air Pollution Contral (APC): Semi-dry. Flue gas condensation: No. Power production: Yes. Heat production: No. Carbon capture: No. Electricity production per ton MSWI incinerated: 739 kWh.
A9: Exchanges
A10: name | B10: amount | C10: location | D10: unit | E10: categories | F10: type | G10: reference product | H10: comment | I10: normalization | J10: allocation | K10: uncertainty type | L10: loc | M10: u1 | N10: u2 | O10: u3 | P10: u4 | Q10: u5 | R10: u6 | S10: ub | T10: scale | U10: negative
A11: municipal waste incineration, at incineration plant, with semi-dry air pollution control, without flue gas condensation, with electricity recovery only, exergy allocation | B11: 1 | C11: RER | D11: kilogram | F11: production | G11: municipal solid waste | I11: 1000 | J11: =INDEX('allocation keys'!$I$4:$K$29,MATCH('allocated (exergy)'!$B$1,'allocation keys'!$B$4:$B$28,0),MATCH('allocated (exergy)'!$B$5,'allocation keys'!$I$3:$K$3,0)) -> 0 | K11: 0
A12: municipal waste incineration, at incineration plant, with semi-dry air pollution control, without flue gas condensation, with electricity recovery only, exergy allocation | B12: =unallocated!B14/'allocated (exergy)'!I12*'allocated (exergy)'!J12 -> 0 | C12: RER | D12: kilowatt hour | F12: technosphere | G12: electricity, medium voltage | I12: 1000 | J12: =J11 -> 0 | K12: 0
A13: market for diesel, low-sulfur | B13: =unallocated!B16/'allocated (exergy)'!I13*'allocated (exergy)'!J13 -> 0 | C13: Europe without Switzerland | D13: kilogram | F13: technosphere | G13: diesel, low-sulfur | H13: Diesel density: 0.85 kg/l | I13: 1000 | J13: =J11 -> 0 | K13: 0
A14: market for activated carbon, granular | B14: =unallocated!B17/'allocated (exergy)'!I14*'allocated (exergy)'!J14 -> 0 | C14: GLO | D14: kilogram | F14: technosphere | G14: activated carbon, granular | I14: 1000 | J14: =J11 -> 0 | K14: 0
A15: market for ammonia, anhydrous, liquid | B15: =unallocated!B18/'allocated (exergy)'!I15*'allocated (exergy)'!J15 -> 0 | C15: RER | D15: kilogram | F15: technosphere | G15: ammonia, anhydrous, liquid | H15: 100% liquid ammonia. In original publication, it is dilluated to 23.5% in water. We discount the original value by 75%. | I15: 1000 | J15: =J11 -> 0 | K15: 0
A16: market for tap water | B16: =unallocated!B19/'allocated (exergy)'!I16*'allocated (exergy)'!J16 -> 0 | C16: Europe without Switzerland | D16: kilogram | F16: technosphere | G16: tap water | H16: Used to dilute the ammonia. | I16: 1000 | J16: =J11 -> 0 | K16: 0
A17: market for calcium carbonate, precipitated | B17: =unallocated!B20/'allocated (exergy)'!I17*'allocated (exergy)'!J17 -> 0 | C17: RER | D17: kilogram | F17: technosphere | G17: calcium carbonate, precipitated | I17: 1000 | J17: =J11 -> 0 | K17: 0
A18: market for iron(III) chloride, without water, in 40% solution state | B18: =unallocated!B21/'allocated (exergy)'!I18*'allocated (exergy)'!J18 -> 0 | C18: GLO | D18: kilogram | F18: technosphere | G18: iron(III) chloride, without water, in 40% solution state | I18: 1000 | J18: =J11 -> 0 | K18: 0
A19: market for lime, hydrated, packed | B19: =unallocated!B22/'allocated (exergy)'!I19*'allocated (exergy)'!J19 -> 0 | C19: RER | D19: kilogram | F19: technosphere | G19: lime, hydrated, packed | I19: 1000 | J19: =J11 -> 0 | K19: 0
A20: market for sodium hydroxide, without water, in 50% solution state | B20: =unallocated!B23/'allocated (exergy)'!I20*'allocated (exergy)'!J20 -> 0 | C20: RER | D20: kilogram | F20: technosphere | G20: sodium hydroxide, without water, in 50% solution state | H20: 50% liquid ammonia. In original publication, it is dilluated to 27% in water. We discount the original value by 50%. | I20: 1000 | J20: =J11 -> 0 | K20: 0
A21: market for monoethanolamine | B21: =unallocated!B24/'allocated (exergy)'!I21*'allocated (exergy)'!J21 -> 0 | C21: GLO | D21: kilogram | F21: technosphere | G21: monoethanolamine | I21: 1000 | J21: =J11 -> 0 | K21: 0
A22: municipal waste incineration facility construction | B22: =unallocated!B25/'allocated (exergy)'!I22*'allocated (exergy)'!J22 -> 0 | C22: CH | D22: unit | F22: technosphere | G22: municipal waste incineration facility | H22: Lifetime: 4'000'000 tons MSWI treated. | I22: 1000 | J22: =J11 -> 0 | K22: 0
A23: Water, cooling, unspecified natural origin | B23: =unallocated!B26/'allocated (exergy)'!I23*'allocated (exergy)'!J23 -> 0 | D23: cubic meter | E23: natural resource::in water | F23: biosphere | I23: 1000 | J23: =J11 -> 0 | K23: 0
A24: Sulfur dioxide | B24: =unallocated!B27/'allocated (exergy)'!I24*'allocated (exergy)'!J24 -> 0 | D24: kilogram | E24: air::urban air close to ground | F24: biosphere | I24: 1000 | J24: =J11 -> 0 | K24: 0
A25: Hydrochloric acid | B25: =unallocated!B28/'allocated (exergy)'!I25*'allocated (exergy)'!J25 -> 0 | D25: kilogram | E25: air | F25: biosphere | I25: 1000 | J25: =J11 -> 0 | K25: 0
A26: Nitrogen oxides | B26: =unallocated!B29/'allocated (exergy)'!I26*'allocated (exergy)'!J26 -> 0 | D26: kilogram | E26: air::urban air close to ground | F26: biosphere | I26: 1000 | J26: =J11 -> 0 | K26: 0
A27: Ammonia | B27: =unallocated!B30/'allocated (exergy)'!I27*'allocated (exergy)'!J27 -> 0 | D27: kilogram | E27: air::urban air close to ground | F27: biosphere | I27: 1000 | J27: =J11 -> 0 | K27: 0
A28: Particulate Matter, < 2.5 um | B28: =unallocated!B31/'allocated (exergy)'!I28*'allocated (exergy)'!J28 -> 0 | D28: kilogram | E28: air::urban air close to ground | F28: biosphere | I28: 1000 | J28: =J11 -> 0 | K28: 0
A29: Mercury II | B29: =unallocated!B32/'allocated (exergy)'!I29*'allocated (exergy)'!J29 -> 0 | D29: kilogram | E29: air::urban air close to ground | F29: biosphere | I29: 1000 | J29: =J11 -> 0 | K29: 0
A30: Lead II | B30: =unallocated!B33/'allocated (exergy)'!I30*'allocated (exergy)'!J30 -> 0 | D30: kilogram | E30: air::urban air close to ground | F30: biosphere | I30: 1000 | J30: =J11 -> 0 | K30: 0
A31: Cadmium II | B31: =unallocated!B34/'allocated (exergy)'!I31*'allocated (exergy)'!J31 -> 0 | D31: kilogram | E31: air::urban air close to ground | F31: biosphere | I31: 1000 | J31: =J11 -> 0 | K31: 0
A32: Arsenic ion | B32: =unallocated!B35/'allocated (exergy)'!I32*'allocated (exergy)'!J32 -> 0 | D32: kilogram | E32: air::urban air close to ground | F32: biosphere | I32: 1000 | J32: =J11 -> 0 | K32: 0
A33: Dioxins, measured as 2,3,7,8-tetrachlorodibenzo-p-dioxin | B33: =unallocated!B36/'allocated (exergy)'!I33*'allocated (exergy)'!J33 -> 0 | D33: kilogram | E33: air::urban air close to ground | F33: biosphere | I33: 1000 | J33: =J11 -> 0 | K33: 0
A34: Carbon dioxide, fossil | B34: =unallocated!B37/'allocated (exergy)'!I34*'allocated (exergy)'!J34 -> 0 | D34: kilogram | E34: air::urban air close to ground | F34: biosphere | I34: 1000 | J34: =J11 -> 0 | K34: 0
A35: Carbon dioxide, non-fossil | B35: =unallocated!B38/'allocated (exergy)'!I35*'allocated (exergy)'!J35 -> 0 | D35: kilogram | E35: air::urban air close to ground | F35: biosphere | I35: 1000 | J35: =J11 -> 0 | K35: 0
A37: Activity | B37: municipal waste incineration, at incineration plant, with semi-dry air pollution control, without flue gas condensation, with electricity recovery only, exergy allocation
A38: location | B38: RER
A39: production amount | B39: 1
A40: source | B40: Valentina Bisinella, Tore Hulgaard, Christian Riber, Anders Damgaard, Thomas H. Christensen, Environmental assessment of carbon capture and storage (CCS) as a post-treatment technology in waste incineration, Waste Management, Volume 128, 2021, Pages 99-113, ISSN 0956-053X, https://doi.org/10.1016/j.wasman.2021.04.046.
A41: reference product | B41: electricity, medium voltage
A42: type | B42: process
A43: unit | B43: kilowatt hour
A44: comment | B44: The incineration plant is a multi-output activity: 1) waste treatment, 2) heat production, 3) electricity production. Data on MSW composition as received at an incinerator in Copenhagen, Denmark. The estimated lower heating value is 9.9 GJ/tonne wet waste, and total carbon content is 264 kg C/tonne wet waste, 39% of which is fossil and 61% biogenic. Lower heating value (GJ/tonne ww): 9.9. Water content (kg/tonne ww): 432. Fossil carbon content (kg C/tonne ww): 102. Biogenic carbon content (kg C/tonne ww): 162. Air Pollution Contral (APC): Semi-dry. Flue gas condensation: No. Power production: Yes. Heat production: No. Carbon capture: No. Electricity production per ton MSWI incinerated: 739 kWh.
A45: Exchanges
A46: name | B46: amount | C46: location | D46: unit | E46: categories | F46: type | G46: reference product | H46: comment | I46: normalization | J46: allocation | K46: uncertainty type | L46: loc | M46: u1 | N46: u2 | O46: u3 | P46: u4 | Q46: u5 | R46: u6 | S46: ub | T46: scale | U46: negative
A47: municipal waste incineration, at incineration plant, with semi-dry air pollution control, without flue gas condensation, with electricity recovery only, exergy allocation | B47: 0 | C47: RER | D47: kilogram | F47: technosphere | G47: municipal solid waste | I47: 739 | J47: =INDEX('allocation keys'!$I$4:$K$29,MATCH('allocated (exergy)'!$B$37,'allocation keys'!$B$4:$B$28,0),MATCH('allocated (exergy)'!$B$41,'allocation keys'!$I$3:$K$3,0)) -> 1 | K47: 0
A48: municipal waste incineration, at incineration plant, with semi-dry air pollution control, without flue gas condensation, with electricity recovery only, exergy allocation | B48: 1 | C48: RER | D48: kilowatt hour | F48: production | G48: electricity, medium voltage | I48: 739 | J48: =J47 -> 1 | K48: 0
A49: market for diesel, low-sulfur | B49: =unallocated!B16/'allocated (exergy)'!I49*'allocated (exergy)'!J49 -> 0.0001150203 | C49: Europe without Switzerland | D49: kilogram | F49: technosphere | G49: diesel, low-sulfur | H49: Diesel density: 0.85 kg/l | I49: 739 | J49: =J47 -> 1 | K49: 2 | L49: =LN(B49) -> -9.0704019 | M49: 1 | N49: 1 | O49: 1 | P49: 1.02 | Q49: 1.2 | R49: 1 | S49: 1.05 | T49: =LN(SQRT(EXP( SQRT( +POWER(LN(M49),2) +POWER(LN(N49),2) +POWER(LN(O49),2) +POWER(LN(P49),2) +POWER(LN(Q49),2) +POWER(LN(R49),2) +POWER(LN(S49),2) ) ))) -> 0.094886477
A50: market for activated carbon, granular | B50: =unallocated!B17/'allocated (exergy)'!I50*'allocated (exergy)'!J50 -> 0.00054127199 | C50: GLO | D50: kilogram | F50: technosphere | G50: activated carbon, granular | I50: 739 | J50: =J47 -> 1 | K50: 2 | L50: =LN(B50) -> -7.5215887 | M50: 1 | N50: 1 | O50: 1 | P50: 1.02 | Q50: 1.2 | R50: 1 | S50: 1.05 | T50: =LN(SQRT(EXP( SQRT( +POWER(LN(M50),2) +POWER(LN(N50),2) +POWER(LN(O50),2) +POWER(LN(P50),2) +POWER(LN(Q50),2) +POWER(LN(R50),2) +POWER(LN(S50),2) ) ))) -> 0.094886477
A51: market for ammonia, anhydrous, liquid | B51: =unallocated!B18/'allocated (exergy)'!I51*'allocated (exergy)'!J51 -> 0.0013261164 | C51: RER | D51: kilogram | F51: technosphere | G51: ammonia, anhydrous, liquid | H51: 100% liquid ammonia. In original publication, it is dilluated to 23.5% in water. We discount the original value by 75%. | I51: 739 | J51: =J47 -> 1 | K51: 2 | L51: =LN(B51) -> -6.6255006 | M51: 1 | N51: 1 | O51: 1 | P51: 1.02 | Q51: 1.2 | R51: 1 | S51: 1.05 | T51: =LN(SQRT(EXP( SQRT( +POWER(LN(M51),2) +POWER(LN(N51),2) +POWER(LN(O51),2) +POWER(LN(P51),2) +POWER(LN(Q51),2) +POWER(LN(R51),2) +POWER(LN(S51),2) ) ))) -> 0.094886477
A52: market for tap water | B52: =unallocated!B19/'allocated (exergy)'!I52*'allocated (exergy)'!J52 -> 0.0040866035 | C52: Europe without Switzerland | D52: kilogram | E52: tap water | F52: technosphere | G52: tap water | H52: Used to dilute the ammonia. | I52: 739 | J52: =J47 -> 1 | K52: 2 | L52: =LN(B52) -> -5.5000411 | M52: 1 | N52: 1 | O52: 1 | P52: 1.02 | Q52: 1.2 | R52: 1 | S52: 1.05 | T52: =LN(SQRT(EXP( SQRT( +POWER(LN(M52),2) +POWER(LN(N52),2) +POWER(LN(O52),2) +POWER(LN(P52),2) +POWER(LN(Q52),2) +POWER(LN(R52),2) +POWER(LN(S52),2) ) ))) -> 0.094886477
A53: market for calcium carbonate, precipitated | B53: =unallocated!B20/'allocated (exergy)'!I53*'allocated (exergy)'!J53 -> 0 | C53: RER | D53: kilogram | F53: technosphere | G53: calcium carbonate, precipitated | I53: 739 | J53: =J47 -> 1 | K53: 0
A54: market for iron(III) chloride, without water, in 40% solution state | B54: =unallocated!B21/'allocated (exergy)'!I54*'allocated (exergy)'!J54 -> 0 | C54: GLO | D54: kilogram | F54: technosphere | G54: iron(III) chloride, without water, in 40% solution state | I54: 739 | J54: =J47 -> 1 | K54: 0
A55: market for lime, hydrated, packed | B55: =unallocated!B22/'allocated (exergy)'!I55*'allocated (exergy)'!J55 -> 0.01488498 | C55: RER | D55: kilogram | F55: technosphere | G55: lime, hydrated, packed | I55: 739 | J55: =J47 -> 1 | K55: 2 | L55: =LN(B55) -> -4.2074026 | M55: 1 | N55: 1 | O55: 1 | P55: 1.02 | Q55: 1.2 | R55: 1 | S55: 1.05 | T55: =LN(SQRT(EXP( SQRT( +POWER(LN(M55),2) +POWER(LN(N55),2) +POWER(LN(O55),2) +POWER(LN(P55),2) +POWER(LN(Q55),2) +POWER(LN(R55),2) +POWER(LN(S55),2) ) ))) -> 0.094886477
A56: market for sodium hydroxide, without water, in 50% solution state | B56: =unallocated!B23/'allocated (exergy)'!I56*'allocated (exergy)'!J56 -> 0 | C56: RER | D56: kilogram | F56: technosphere | G56: sodium hydroxide, without water, in 50% solution state | H56: 50% liquid ammonia. In original publication, it is dilluated to 27% in water. We discount the original value by 50%. | I56: 739 | J56: =J47 -> 1 | K56: 0
A57: market for monoethanolamine | B57: =unallocated!B24/'allocated (exergy)'!I57*'allocated (exergy)'!J57 -> 0 | C57: GLO | D57: kilogram | F57: technosphere | G57: monoethanolamine | I57: 739 | J57: =J47 -> 1 | K57: 0
A58: municipal waste incineration facility construction | B58: =unallocated!B25/'allocated (exergy)'!I58*'allocated (exergy)'!J58 -> 3.3829499e-10 | C58: CH | D58: unit | F58: technosphere | G58: municipal waste incineration facility | H58: Lifetime: 4'000'000 tons MSWI treated. | I58: 739 | J58: =J47 -> 1 | K58: 2 | L58: =LN(B58) -> -21.807103 | M58: 1 | N58: 1 | O58: 1 | P58: 1.02 | Q58: 1.2 | R58: 1 | S58: 3 | T58: =LN(SQRT(EXP( SQRT( +POWER(LN(M58),2) +POWER(LN(N58),2) +POWER(LN(O58),2) +POWER(LN(P58),2) +POWER(LN(Q58),2) +POWER(LN(R58),2) +POWER(LN(S58),2) ) ))) -> 0.55690714
A59: Water, cooling, unspecified natural origin | B59: =unallocated!B26/'allocated (exergy)'!I59*'allocated (exergy)'!J59 -> 0.000202977 | D59: cubic meter | E59: natural resource::in water | F59: biosphere | I59: 739 | J59: =J47 -> 1 | K59: 2 | L59: =LN(B59) -> -8.5024179 | M59: 1 | N59: 1 | O59: 1 | P59: 1.02 | Q59: 1.2 | R59: 1 | S59: 1.05 | T59: =LN(SQRT(EXP( SQRT( +POWER(LN(M59),2) +POWER(LN(N59),2) +POWER(LN(O59),2) +POWER(LN(P59),2) +POWER(LN(Q59),2) +POWER(LN(R59),2) +POWER(LN(S59),2) ) ))) -> 0.094886477
A60: Sulfur dioxide | B60: =unallocated!B27/'allocated (exergy)'!I60*'allocated (exergy)'!J60 -> 0.00015290934 | D60: kilogram | E60: air::urban air close to ground | F60: biosphere | I60: 739 | J60: =J47 -> 1 | K60: 2 | L60: =LN(B60) -> -8.7856654 | M60: 1 | N60: 1 | O60: 1 | P60: 1.02 | Q60: 1.2 | R60: 1 | S60: 1.05 | T60: =LN(SQRT(EXP( SQRT( +POWER(LN(M60),2) +POWER(LN(N60),2) +POWER(LN(O60),2) +POWER(LN(P60),2) +POWER(LN(Q60),2) +POWER(LN(R60),2) +POWER(LN(S60),2) ) ))) -> 0.094886477
A61: Hydrochloric acid | B61: =unallocated!B28/'allocated (exergy)'!I61*'allocated (exergy)'!J61 -> 3.7889039e-05 | D61: kilogram | E61: air | F61: biosphere | I61: 739 | J61: =J47 -> 1 | K61: 2 | L61: =LN(B61) -> -10.180849 | M61: 1 | N61: 1 | O61: 1 | P61: 1.02 | Q61: 1.2 | R61: 1 | S61: 1.5 | T61: =LN(SQRT(EXP( SQRT( +POWER(LN(M61),2) +POWER(LN(N61),2) +POWER(LN(O61),2) +POWER(LN(P61),2) +POWER(LN(Q61),2) +POWER(LN(R61),2) +POWER(LN(S61),2) ) ))) -> 0.22250576
A62: Nitrogen oxides | B62: =unallocated!B29/'allocated (exergy)'!I62*'allocated (exergy)'!J62 -> 0.00091610284 | D62: kilogram | E62: air::urban air close to ground | F62: biosphere | I62: 739 | J62: =J47 -> 1 | K62: 2 | L62: =LN(B62) -> -6.9953819 | M62: 1 | N62: 1 | O62: 1 | P62: 1.02 | Q62: 1.2 | R62: 1 | S62: 1.5 | T62: =LN(SQRT(EXP( SQRT( +POWER(LN(M62),2) +POWER(LN(N62),2) +POWER(LN(O62),2) +POWER(LN(P62),2) +POWER(LN(Q62),2) +POWER(LN(R62),2) +POWER(LN(S62),2) ) ))) -> 0.22250576
A63: Ammonia | B63: =unallocated!B30/'allocated (exergy)'!I63*'allocated (exergy)'!J63 -> 6.0893099e-05 | D63: kilogram | E63: air::urban air close to ground | F63: biosphere | I63: 739 | J63: =J47 -> 1 | K63: 2 | L63: =LN(B63) -> -9.7063907 | M63: 1 | N63: 1 | O63: 1 | P63: 1.02 | Q63: 1.2 | R63: 1 | S63: 1.5 | T63: =LN(SQRT(EXP( SQRT( +POWER(LN(M63),2) +POWER(LN(N63),2) +POWER(LN(O63),2) +POWER(LN(P63),2) +POWER(LN(Q63),2) +POWER(LN(R63),2) +POWER(LN(S63),2) ) ))) -> 0.22250576
A64: Particulate Matter, < 2.5 um | B64: =unallocated!B31/'allocated (exergy)'!I64*'allocated (exergy)'!J64 -> 8.1190798e-06 | D64: kilogram | E64: air::urban air close to ground | F64: biosphere | I64: 739 | J64: =J47 -> 1 | K64: 2 | L64: =LN(B64) -> -11.721294 | M64: 1 | N64: 1 | O64: 1 | P64: 1.02 | Q64: 1.2 | R64: 1 | S64: 3 | T64: =LN(SQRT(EXP( SQRT( +POWER(LN(M64),2) +POWER(LN(N64),2) +POWER(LN(O64),2) +POWER(LN(P64),2) +POWER(LN(Q64),2) +POWER(LN(R64),2) +POWER(LN(S64),2) ) ))) -> 0.55690714
A65: Mercury II | B65: =unallocated!B32/'allocated (exergy)'!I65*'allocated (exergy)'!J65 -> 3.1123139e-08 | D65: kilogram | E65: air::urban air close to ground | F65: biosphere | I65: 739 | J65: =J47 -> 1 | K65: 2 | L65: =LN(B65) -> -17.285314 | M65: 1 | N65: 1 | O65: 1 | P65: 1.02 | Q65: 1.2 | R65: 1 | S65: 5 | T65: =LN(SQRT(EXP( SQRT( +POWER(LN(M65),2) +POWER(LN(N65),2) +POWER(LN(O65),2) +POWER(LN(P65),2) +POWER(LN(Q65),2) +POWER(LN(R65),2) +POWER(LN(S65),2) ) ))) -> 0.80992649
A66: Lead II | B66: =unallocated!B33/'allocated (exergy)'!I66*'allocated (exergy)'!J66 -> 7.5778078e-08 | D66: kilogram | E66: air::urban air close to ground | F66: biosphere | I66: 739 | J66: =J47 -> 1 | K66: 2 | L66: =LN(B66) -> -16.395457 | M66: 1 | N66: 1 | O66: 1 | P66: 1.02 | Q66: 1.2 | R66: 1 | S66: 5 | T66: =LN(SQRT(EXP( SQRT( +POWER(LN(M66),2) +POWER(LN(N66),2) +POWER(LN(O66),2) +POWER(LN(P66),2) +POWER(LN(Q66),2) +POWER(LN(R66),2) +POWER(LN(S66),2) ) ))) -> 0.80992649
A67: Cadmium II | B67: =unallocated!B34/'allocated (exergy)'!I67*'allocated (exergy)'!J67 -> 3.7889039e-08 | D67: kilogram | E67: air::urban air close to ground | F67: biosphere | I67: 739 | J67: =J47 -> 1 | K67: 2 | L67: =LN(B67) -> -17.088604 | M67: 1 | N67: 1 | O67: 1 | P67: 1.02 | Q67: 1.2 | R67: 1 | S67: 5 | T67: =LN(SQRT(EXP( SQRT( +POWER(LN(M67),2) +POWER(LN(N67),2) +POWER(LN(O67),2) +POWER(LN(P67),2) +POWER(LN(Q67),2) +POWER(LN(R67),2) +POWER(LN(S67),2) ) ))) -> 0.80992649
A68: Arsenic ion | B68: =unallocated!B35/'allocated (exergy)'!I68*'allocated (exergy)'!J68 -> 8.1190798e-09 | D68: kilogram | E68: air::urban air close to ground | F68: biosphere | I68: 739 | J68: =J47 -> 1 | K68: 2 | L68: =LN(B68) -> -18.629049 | M68: 1 | N68: 1 | O68: 1 | P68: 1.02 | Q68: 1.2 | R68: 1 | S68: 5 | T68: =LN(SQRT(EXP( SQRT( +POWER(LN(M68),2) +POWER(LN(N68),2) +POWER(LN(O68),2) +POWER(LN(P68),2) +POWER(LN(Q68),2) +POWER(LN(R68),2) +POWER(LN(S68),2) ) ))) -> 0.80992649
A69: Dioxins, measured as 2,3,7,8-tetrachlorodibenzo-p-dioxin | B69: =unallocated!B36/'allocated (exergy)'!I69*'allocated (exergy)'!J69 -> 1.488498e-13 | D69: kilogram | E69: air::urban air close to ground | F69: biosphere | I69: 739 | J69: =J47 -> 1 | K69: 2 | L69: =LN(B69) -> -29.535839 | M69: 1 | N69: 1 | O69: 1 | P69: 1.02 | Q69: 1.2 | R69: 1 | S69: 5 | T69: =LN(SQRT(EXP( SQRT( +POWER(LN(M69),2) +POWER(LN(N69),2) +POWER(LN(O69),2) +POWER(LN(P69),2) +POWER(LN(Q69),2) +POWER(LN(R69),2) +POWER(LN(S69),2) ) ))) -> 0.80992649
A70: Carbon dioxide, fossil | B70: =unallocated!B37/'allocated (exergy)'!I70*'allocated (exergy)'!J70 -> 0.50608931 | D70: kilogram | E70: air::urban air close to ground | F70: biosphere | I70: 739 | J70: =J47 -> 1 | K70: 2 | L70: =LN(B70) -> -0.68104212 | M70: 1 | N70: 1 | O70: 1 | P70: 1.02 | Q70: 1.2 | R70: 1 | S70: 1.05 | T70: =LN(SQRT(EXP( SQRT( +POWER(LN(M70),2) +POWER(LN(N70),2) +POWER(LN(O70),2) +POWER(LN(P70),2) +POWER(LN(Q70),2) +POWER(LN(R70),2) +POWER(LN(S70),2) ) ))) -> 0.094886477
A71: Carbon dioxide, non-fossil | B71: =unallocated!B38/'allocated (exergy)'!I71*'allocated (exergy)'!J71 -> 0.8037889 | D71: kilogram | E71: air::urban air close to ground | F71: biosphere | I71: 739 | J71: =J47 -> 1 | K71: 2 | L71: =LN(B71) -> -0.2184186 | M71: 1 | N71: 1 | O71: 1 | P71: 1.02 | Q71: 1.2 | R71: 1 | S71: 1.05 | T71: =LN(SQRT(EXP( SQRT( +POWER(LN(M71),2) +POWER(LN(N71),2) +POWER(LN(O71),2) +POWER(LN(P71),2) +POWER(LN(Q71),2) +POWER(LN(R71),2) +POWER(LN(S71),2) ) ))) -> 0.094886477
A73: Activity | B73: municipal waste incineration, at incineration plant, with semi-dry air pollution control, without flue gas condensation, with electricity and heat recovery, exergy allocation
A74: location | B74: RER
A75: production amount | B75: 1
A76: source | B76: Valentina Bisinella, Tore Hulgaard, Christian Riber, Anders Damgaard, Thomas H. Christensen, Environmental assessment of carbon capture and storage (CCS) as a post-treatment technology in waste incineration, Waste Management, Volume 128, 2021, Pages 99-113, ISSN 0956-053X, https://doi.org/10.1016/j.wasman.2021.04.046.
A77: reference product | B77: municipal solid waste
A78: type | B78: process
A79: unit | B79: kilogram
A80: comment | B80: The incineration plant is a multi-output activity: 1) waste treatment, 2) heat production, 3) electricity production. Data on MSW composition as received at an incinerator in Copenhagen, Denmark. The estimated lower heating value is 9.9 GJ/tonne wet waste, and total carbon content is 264 kg C/tonne wet waste, 39% of which is fossil and 61% biogenic. Lower heating value (GJ/tonne ww): 9.9. Water content (kg/tonne ww): 432. Fossil carbon content (kg C/tonne ww): 102. Biogenic carbon content (kg C/tonne ww): 162. Air Pollution Contral (APC): Semi-dry. Flue gas condensation: No. Power production: Yes. Heat production: Yes. Carbon capture: No. Electricity production per ton MSWI incinerated: 638 kWh. Heat production per ton MSWI incinerated: 6'170 MJ.
A81: Exchanges
A82: name | B82: amount | C82: location | D82: unit | E82: categories | F82: type | G82: reference product | H82: comment | I82: normalization | J82: allocation | K82: uncertainty type | L82: loc | M82: u1 | N82: u2 | O82: u3 | P82: u4 | Q82: u5 | R82: u6 | S82: ub | T82: scale
A83: municipal waste incineration, at incineration plant, with semi-dry air pollution control, without flue gas condensation, with electricity and heat recovery, exergy allocation | B83: 1 | C83: RER | D83: kilogram | F83: production | G83: municipal solid waste | I83: 1000 | J83: =INDEX('allocation keys'!$I$4:$K$29,MATCH('allocated (exergy)'!$B$73,'allocation keys'!$B$4:$B$28,0),MATCH('allocated (exergy)'!$B$77,'allocation keys'!$I$3:$K$3,0)) -> 0 | K83: 0
A84: municipal waste incineration, at incineration plant, with semi-dry air pollution control, without flue gas condensation, with electricity and heat recovery, exergy allocation | B84: 0 | C84: RER | D84: kilowatt hour | F84: technosphere | G84: electricity, medium voltage | I84: 1000 | J84: =J83 -> 0 | K84: 0
A85: municipal waste incineration, at incineration plant, with semi-dry air pollution control, without flue gas condensation, with electricity and heat recovery, exergy allocation | B85: 0 | C85: RER | D85: megajoule | F85: technosphere | G85: heat, district or industrial, other than natural gas | I85: 1000 | J85: =J83 -> 0 | K85: 0
A86: market for diesel, low-sulfur | B86: =unallocated!B53/'allocated (exergy)'!I86*'allocated (exergy)'!J86 -> 0 | C86: Europe without Switzerland | D86: kilogram | F86: technosphere | G86: diesel, low-sulfur | H86: Diesel density: 0.85 kg/l | I86: 1000 | J86: =J83 -> 0 | K86: 0
A87: market for activated carbon, granular | B87: =unallocated!B54/'allocated (exergy)'!I87*'allocated (exergy)'!J87 -> 0 | C87: GLO | D87: kilogram | F87: technosphere | G87: activated carbon, granular | I87: 1000 | J87: =J83 -> 0 | K87: 0
A88: market for ammonia, anhydrous, liquid | B88: =unallocated!B55/'allocated (exergy)'!I88*'allocated (exergy)'!J88 -> 0 | C88: RER | D88: kilogram | F88: technosphere | G88: ammonia, anhydrous, liquid | H88: 100% liquid ammonia. In original publication, it is dilluated to 23.5% in water. We discount the original value by 75%. | I88: 1000 | J88: =J83 -> 0 | K88: 0
A89: market for tap water | B89: =unallocated!B56/'allocated (exergy)'!I89*'allocated (exergy)'!J89 -> 0 | C89: Europe without Switzerland | D89: kilogram | F89: technosphere | G89: tap water | H89: Used to dilute the ammonia. | I89: 1000 | J89: =J83 -> 0 | K89: 0
A90: market for calcium carbonate, precipitated | B90: =unallocated!B57/'allocated (exergy)'!I90*'allocated (exergy)'!J90 -> 0 | C90: RER | D90: kilogram | F90: technosphere | G90: calcium carbonate, precipitated | I90: 1000 | J90: =J83 -> 0 | K90: 0
A91: market for iron(III) chloride, without water, in 40% solution state | B91: =unallocated!B58/'allocated (exergy)'!I91*'allocated (exergy)'!J91 -> 0 | C91: GLO | D91: kilogram | F91: technosphere | G91: iron(III) chloride, without water, in 40% solution state | I91: 1000 | J91: =J83 -> 0 | K91: 0
A92: market for lime, hydrated, packed | B92: =unallocated!B59/'allocated (exergy)'!I92*'allocated (exergy)'!J92 -> 0 | C92: RER | D92: kilogram | F92: technosphere | G92: lime, hydrated, packed | I92: 1000 | J92: =J83 -> 0 | K92: 0
A93: market for sodium hydroxide, without water, in 50% solution state | B93: =unallocated!B60/'allocated (exergy)'!I93*'allocated (exergy)'!J93 -> 0 | C93: RER | D93: kilogram | F93: technosphere | G93: sodium hydroxide, without water, in 50% solution state | H93: 50% liquid ammonia. In original publication, it is dilluated to 27% in water. We discount the original value by 50%. | I93: 1000 | J93: =J83 -> 0 | K93: 0
A94: market for monoethanolamine | B94: =unallocated!B61/'allocated (exergy)'!I94*'allocated (exergy)'!J94 -> 0 | C94: GLO | D94: kilogram | F94: technosphere | G94: monoethanolamine | I94: 1000 | J94: =J83 -> 0 | K94: 0
A95: municipal waste incineration facility construction | B95: =unallocated!B62/'allocated (exergy)'!I95*'allocated (exergy)'!J95 -> 0 | C95: CH | D95: unit | F95: technosphere | G95: municipal waste incineration facility | H95: Lifetime: 4'000'000 tons MSWI treated. | I95: 1000 | J95: =J83 -> 0 | K95: 0
A96: Water, cooling, unspecified natural origin | B96: =unallocated!B63/'allocated (exergy)'!I96*'allocated (exergy)'!J96 -> 0 | D96: cubic meter | E96: natural resource::in water | F96: biosphere | I96: 1000 | J96: =J83 -> 0 | K96: 0
A97: Sulfur dioxide | B97: =unallocated!B64/'allocated (exergy)'!I97*'allocated (exergy)'!J97 -> 0 | D97: kilogram | E97: air::urban air close to ground | F97: biosphere | I97: 1000 | J97: =J83 -> 0 | K97: 0
A98: Hydrochloric acid | B98: =unallocated!B65/'allocated (exergy)'!I98*'allocated (exergy)'!J98 -> 0 | D98: kilogram | E98: air | F98: biosphere | I98: 1000 | J98: =J83 -> 0 | K98: 0
A99: Nitrogen oxides | B99: =unallocated!B66/'allocated (exergy)'!I99*'allocated (exergy)'!J99 -> 0 | D99: kilogram | E99: air::urban air close to ground | F99: biosphere | I99: 1000 | J99: =J83 -> 0 | K99: 0
A100: Ammonia | B100: =unallocated!B67/'allocated (exergy)'!I100*'allocated (exergy)'!J100 -> 0 | D100: kilogram | E100: air::urban air close to ground | F100: biosphere | I100: 1000 | J100: =J83 -> 0 | K100: 0
A101: Particulate Matter, < 2.5 um | B101: =unallocated!B68/'allocated (exergy)'!I101*'allocated (exergy)'!J101 -> 0 | D101: kilogram | E101: air::urban air close to ground | F101: biosphere | I101: 1000 | J101: =J83 -> 0 | K101: 0
A102: Mercury II | B102: =unallocated!B69/'allocated (exergy)'!I102*'allocated (exergy)'!J102 -> 0 | D102: kilogram | E102: air::urban air close to ground | F102: biosphere | I102: 1000 | J102: =J83 -> 0 | K102: 0
...

Sheet allocated (economic)
A1: Activity | B1: municipal waste incineration, at incineration plant, with semi-dry air pollution control, without flue gas condensation, with electricity recovery only, economic allocation
A2: location | B2: RER
A3: production amount | B3: 1
A4: source | B4: Valentina Bisinella, Tore Hulgaard, Christian Riber, Anders Damgaard, Thomas H. Christensen, Environmental assessment of carbon capture and storage (CCS) as a post-treatment technology in waste incineration, Waste Management, Volume 128, 2021, Pages 99-113, ISSN 0956-053X, https://doi.org/10.1016/j.wasman.2021.04.046.
A5: reference product | B5: municipal solid waste
A6: type | B6: process
A7: unit | B7: kilogram
A8: comment | B8: The incineration plant is a multi-output activity: 1) waste treatment, 2) heat production, 3) electricity production. Data on MSW composition as received at an incinerator in Copenhagen, Denmark. The estimated lower heating value is 9.9 GJ/tonne wet waste, and total carbon content is 264 kg C/tonne wet waste, 39% of which is fossil and 61% biogenic. Lower heating value (GJ/tonne ww): 9.9. Water content (kg/tonne ww): 432. Fossil carbon content (kg C/tonne ww): 102. Biogenic carbon content (kg C/tonne ww): 162. Air Pollution Contral (APC): Semi-dry. Flue gas condensation: No. Power production: Yes. Heat production: No. Carbon capture: No. Electricity production per ton MSWI incinerated: 739 kWh.
A9: Exchanges
A10: name | B10: amount | C10: location | D10: unit | E10: categories | F10: type | G10: reference product | H10: comment | I10: normalization | J10: allocation | K10: uncertainty type | L10: loc | M10: u1 | N10: u2 | O10: u3 | P10: u4 | Q10: u5 | R10: u6 | S10: ub | T10: scale | U10: negative
A11: municipal waste incineration, at incineration plant, with semi-dry air pollution control, without flue gas condensation, with electricity recovery only, economic allocation | B11: 1 | C11: RER | D11: kilogram | F11: production | G11: municipal solid waste | I11: 1000 | J11: =INDEX('allocation keys'!$L$4:$N$30,MATCH('allocated (economic)'!$B$1,'allocation keys'!$B$4:$B$28,0),MATCH('allocated (economic)'!$B$5,'allocation keys'!$L$3:$N$3,0)) -> 0.62657908 | K11: 0
A12: municipal waste incineration, at incineration plant, with semi-dry air pollution control, without flue gas condensation, with electricity recovery only, economic allocation | B12: 0 | C12: RER | D12: kilowatt hour | F12: technosphere | G12: electricity, medium voltage | I12: 1000 | J12: =J11 -> 0.62657908 | K12: 0
A13: market for diesel, low-sulfur | B13: =unallocated!B16/'allocated (economic)'!I13*'allocated (economic)'!J13 -> 5.3259222e-05 | C13: Europe without Switzerland | D13: kilogram | F13: technosphere | G13: diesel, low-sulfur | H13: Diesel density: 0.85 kg/l | I13: 1000 | J13: =J11 -> 0.62657908 | K13: 0
A14: market for activated carbon, granular | B14: =unallocated!B17/'allocated (economic)'!I14*'allocated (economic)'!J14 -> 0.00025063163 | C14: GLO | D14: kilogram | F14: technosphere | G14: activated carbon, granular | I14: 1000 | J14: =J11 -> 0.62657908 | K14: 0
A15: market for ammonia, anhydrous, liquid | B15: =unallocated!B18/'allocated (economic)'!I15*'allocated (economic)'!J15 -> 0.0006140475 | C15: RER | D15: kilogram | F15: technosphere | G15: ammonia, anhydrous, liquid | H15: 100% liquid ammonia. In original publication, it is dilluated to 23.5% in water. We discount the original value by 75%. | I15: 1000 | J15: =J11 -> 0.62657908 | K15: 0
A16: market for tap water | B16: =unallocated!B19/'allocated (economic)'!I16*'allocated (economic)'!J16 -> 0.0018922688 | C16: Europe without Switzerland | D16: kilogram | F16: technosphere | G16: tap water | H16: Used to dilute the ammonia. | I16: 1000 | J16: =J11 -> 0.62657908 | K16: 0
A17: market for calcium carbonate, precipitated | B17: =unallocated!B20/'allocated (economic)'!I17*'allocated (economic)'!J17 -> 0 | C17: RER | D17: kilogram | F17: technosphere | G17: calcium carbonate, precipitated | I17: 1000 | J17: =J11 -> 0.62657908 | K17: 0
A18: market for iron(III) chloride, without water, in 40% solution state | B18: =unallocated!B21/'allocated (economic)'!I18*'allocated (economic)'!J18 -> 0 | C18: GLO | D18: kilogram | F18: technosphere | G18: iron(III) chloride, without water, in 40% solution state | I18: 1000 | J18: =J11 -> 0.62657908 | K18: 0
A19: market for lime, hydrated, packed | B19: =unallocated!B22/'allocated (economic)'!I19*'allocated (economic)'!J19 -> 0.0068923699 | C19: RER | D19: kilogram | F19: technosphere | G19: lime, hydrated, packed | I19: 1000 | J19: =J11 -> 0.62657908 | K19: 0
A20: market for sodium hydroxide, without water, in 50% solution state | B20: =unallocated!B23/'allocated (economic)'!I20*'allocated (economic)'!J20 -> 0 | C20: RER | D20: kilogram | F20: technosphere | G20: sodium hydroxide, without water, in 50% solution state | H20: 50% liquid ammonia. In original publication, it is dilluated to 27% in water. We discount the original value by 50%. | I20: 1000 | J20: =J11 -> 0.62657908 | K20: 0
A21: market for monoethanolamine | B21: =unallocated!B24/'allocated (economic)'!I21*'allocated (economic)'!J21 -> 0 | C21: GLO | D21: kilogram | F21: technosphere | G21: monoethanolamine | I21: 1000 | J21: =J11 -> 0.62657908 | K21: 0
A22: municipal waste incineration facility construction | B22: =unallocated!B25/'allocated (economic)'!I22*'allocated (economic)'!J22 -> 1.5664477e-10 | C22: CH | D22: unit | F22: technosphere | G22: municipal waste incineration facility | H22: Lifetime: 4'000'000 tons MSWI treated. | I22: 1000 | J22: =J11 -> 0.62657908 | K22: 0
A23: Water, cooling, unspecified natural origin | B23: =unallocated!B26/'allocated (economic)'!I23*'allocated (economic)'!J23 -> 9.3986862e-05 | D23: cubic meter | E23: natural resource::in water | F23: biosphere | I23: 1000 | J23: =J11 -> 0.62657908 | K23: 0
A24: Sulfur dioxide | B24: =unallocated!B27/'allocated (economic)'!I24*'allocated (economic)'!J24 -> 7.0803436e-05 | D24: kilogram | E24: air::urban air close to ground | F24: biosphere | I24: 1000 | J24: =J11 -> 0.62657908 | K24: 0
A25: Hydrochloric acid | B25: =unallocated!B28/'allocated (economic)'!I25*'allocated (economic)'!J25 -> 1.7544214e-05 | D25: kilogram | E25: air | F25: biosphere | I25: 1000 | J25: =J11 -> 0.62657908 | K25: 0
A26: Nitrogen oxides | B26: =unallocated!B29/'allocated (economic)'!I26*'allocated (economic)'!J26 -> 0.00042419404 | D26: kilogram | E26: air::urban air close to ground | F26: biosphere | I26: 1000 | J26: =J11 -> 0.62657908 | K26: 0
A27: Ammonia | B27: =unallocated!B30/'allocated (economic)'!I27*'allocated (economic)'!J27 -> 2.8196059e-05 | D27: kilogram | E27: air::urban air close to ground | F27: biosphere | I27: 1000 | J27: =J11 -> 0.62657908 | K27: 0
A28: Particulate Matter, < 2.5 um | B28: =unallocated!B31/'allocated (economic)'!I28*'allocated (economic)'!J28 -> 3.7594745e-06 | D28: kilogram | E28: air::urban air close to ground | F28: biosphere | I28: 1000 | J28: =J11 -> 0.62657908 | K28: 0
A29: Mercury II | B29: =unallocated!B32/'allocated (economic)'!I29*'allocated (economic)'!J29 -> 1.4411319e-08 | D29: kilogram | E29: air::urban air close to ground | F29: biosphere | I29: 1000 | J29: =J11 -> 0.62657908 | K29: 0
A30: Lead II | B30: =unallocated!B33/'allocated (economic)'!I30*'allocated (economic)'!J30 -> 3.5088428e-08 | D30: kilogram | E30: air::urban air close to ground | F30: biosphere | I30: 1000 | J30: =J11 -> 0.62657908 | K30: 0
A31: Cadmium II | B31: =unallocated!B34/'allocated (economic)'!I31*'allocated (economic)'!J31 -> 1.7544214e-08 | D31: kilogram | E31: air::urban air close to ground | F31: biosphere | I31: 1000 | J31: =J11 -> 0.62657908 | K31: 0
A32: Arsenic ion | B32: =unallocated!B35/'allocated (economic)'!I32*'allocated (economic)'!J32 -> 3.7594745e-09 | D32: kilogram | E32: air::urban air close to ground | F32: biosphere | I32: 1000 | J32: =J11 -> 0.62657908 | K32: 0
A33: Dioxins, measured as 2,3,7,8-tetrachlorodibenzo-p-dioxin | B33: =unallocated!B36/'allocated (economic)'!I33*'allocated (economic)'!J33 -> 6.8923699e-14 | D33: kilogram | E33: air::urban air close to ground | F33: biosphere | I33: 1000 | J33: =J11 -> 0.62657908 | K33: 0
A34: Carbon dioxide, fossil | B34: =unallocated!B37/'allocated (economic)'!I34*'allocated (economic)'!J34 -> 0.23434058 | D34: kilogram | E34: air::urban air close to ground | F34: biosphere | I34: 1000 | J34: =J11 -> 0.62657908 | K34: 0
A35: Carbon dioxide, non-fossil | B35: =unallocated!B38/'allocated (economic)'!I35*'allocated (economic)'!J35 -> 0.37218797 | D35: kilogram | E35: air::urban air close to ground | F35: biosphere | I35: 1000 | J35: =J11 -> 0.62657908 | K35: 0
A37: Activity | B37: municipal waste incineration, at incineration plant, with semi-dry air pollution control, without flue gas condensation, with electricity recovery only, economic allocation
A38: location | B38: RER
A39: production amount | B39: 1
A40: source | B40: Valentina Bisinella, Tore Hulgaard, Christian Riber, Anders Damgaard, Thomas H. Christensen, Environmental assessment of carbon capture and storage (CCS) as a post-treatment technology in waste incineration, Waste Management, Volume 128, 2021, Pages 99-113, ISSN 0956-053X, https://doi.org/10.1016/j.wasman.2021.04.046.
A41: reference product | B41: electricity, medium voltage
A42: type | B42: process
A43: unit | B43: kilowatt hour
A44: comment | B44: The incineration plant is a multi-output activity: 1) waste treatment, 2) heat production, 3) electricity production. Data on MSW composition as received at an incinerator in Copenhagen, Denmark. The estimated lower heating value is 9.9 GJ/tonne wet waste, and total carbon content is 264 kg C/tonne wet waste, 39% of which is fossil and 61% biogenic. Lower heating value (GJ/tonne ww): 9.9. Water content (kg/tonne ww): 432. Fossil carbon content (kg C/tonne ww): 102. Biogenic carbon content (kg C/tonne ww): 162. Air Pollution Contral (APC): Semi-dry. Flue gas condensation: No. Power production: Yes. Heat production: No. Carbon capture: No. Electricity production per ton MSWI incinerated: 739 kWh.
A45: Exchanges
A46: name | B46: amount | C46: location | D46: unit | E46: categories | F46: type | G46: reference product | H46: comment | I46: normalization | J46: allocation | K46: uncertainty type | L46: loc | M46: u1 | N46: u2 | O46: u3 | P46: u4 | Q46: u5 | R46: u6 | S46: ub | T46: scale | U46: negative
A47: municipal waste incineration, at incineration plant, with semi-dry air pollution control, without flue gas condensation, with electricity recovery only, economic allocation | B47: 0 | C47: RER | D47: kilogram | F47: technosphere | G47: municipal solid waste | I47: 739 | J47: =INDEX('allocation keys'!$L$4:$N$30,MATCH('allocated (economic)'!$B$37,'allocation keys'!$B$4:$B$28,0),MATCH('allocated (economic)'!$B$41,'allocation keys'!$L$3:$N$3,0)) -> 0.37342092 | K47: 0
A48: municipal waste incineration, at incineration plant, with semi-dry air pollution control, without flue gas condensation, with electricity recovery only, economic allocation | B48: 1 | C48: RER | D48: kilowatt hour | F48: production | G48: electricity, medium voltage | I48: 739 | J48: =J47 -> 0.37342092 | K48: 0
A49: market for diesel, low-sulfur | B49: =unallocated!B16/'allocated (economic)'!I49*'allocated (economic)'!J49 -> 4.2950985e-05 | C49: Europe without Switzerland | D49: kilogram | F49: technosphere | G49: diesel, low-sulfur | H49: Diesel density: 0.85 kg/l | I49: 739 | J49: =J47 -> 0.37342092 | K49: 2 | L49: =LN(B49) -> -10.055451 | M49: 1 | N49: 1 | O49: 1 | P49: 1.02 | Q49: 1.2 | R49: 1 | S49: 1.05 | T49: =LN(SQRT(EXP( SQRT( +POWER(LN(M49),2) +POWER(LN(N49),2) +POWER(LN(O49),2) +POWER(LN(P49),2) +POWER(LN(Q49),2) +POWER(LN(R49),2) +POWER(LN(S49),2) ) ))) -> 0.094886477
A50: market for activated carbon, granular | B50: =unallocated!B17/'allocated (economic)'!I50*'allocated (economic)'!J50 -> 0.00020212228 | C50: GLO | D50: kilogram | F50: technosphere | G50: activated carbon, granular | I50: 739 | J50: =J47 -> 0.37342092 | K50: 2 | L50: =LN(B50) -> -8.5066377 | M50: 1 | N50: 1 | O50: 1 | P50: 1.02 | Q50: 1.2 | R50: 1 | S50: 1.05 | T50: =LN(SQRT(EXP( SQRT( +POWER(LN(M50),2) +POWER(LN(N50),2) +POWER(LN(O50),2) +POWER(LN(P50),2) +POWER(LN(Q50),2) +POWER(LN(R50),2) +POWER(LN(S50),2) ) ))) -> 0.094886477
A51: market for ammonia, anhydrous, liquid | B51: =unallocated!B18/'allocated (economic)'!I51*'allocated (economic)'!J51 -> 0.0004951996 | C51: RER | D51: kilogram | F51: technosphere | G51: ammonia, anhydrous, liquid | H51: 100% liquid ammonia. In original publication, it is dilluated to 23.5% in water. We discount the original value by 75%. | I51: 739 | J51: =J47 -> 0.37342092 | K51: 2 | L51: =LN(B51) -> -7.6105497 | M51: 1 | N51: 1 | O51: 1 | P51: 1.02 | Q51: 1.2 | R51: 1 | S51: 1.05 | T51: =LN(SQRT(EXP( SQRT( +POWER(LN(M51),2) +POWER(LN(N51),2) +POWER(LN(O51),2) +POWER(LN(P51),2) +POWER(LN(Q51),2) +POWER(LN(R51),2) +POWER(LN(S51),2) ) ))) -> 0.094886477
A52: market for tap water | B52: =unallocated!B19/'allocated (economic)'!I52*'allocated (economic)'!J52 -> 0.0015260232 | C52: Europe without Switzerland | D52: kilogram | F52: technosphere | G52: tap water | H52: Used to dilute the ammonia. | I52: 739 | J52: =J47 -> 0.37342092 | K52: 2 | L52: =LN(B52) -> -6.4850901 | M52: 1 | N52: 1 | O52: 1 | P52: 1.02 | Q52: 1.2 | R52: 1 | S52: 1.05 | T52: =LN(SQRT(EXP( SQRT( +POWER(LN(M52),2) +POWER(LN(N52),2) +POWER(LN(O52),2) +POWER(LN(P52),2) +POWER(LN(Q52),2) +POWER(LN(R52),2) +POWER(LN(S52),2) ) ))) -> 0.094886477
A53: market for calcium carbonate, precipitated | B53: =unallocated!B20/'allocated (economic)'!I53*'allocated (economic)'!J53 -> 0 | C53: RER | D53: kilogram | F53: technosphere | G53: calcium carbonate, precipitated | I53: 739 | J53: =J47 -> 0.37342092 | K53: 0
A54: market for iron(III) chloride, without water, in 40% solution state | B54: =unallocated!B21/'allocated (economic)'!I54*'allocated (economic)'!J54 -> 0 | C54: GLO | D54: kilogram | F54: technosphere | G54: iron(III) chloride, without water, in 40% solution state | I54: 739 | J54: =J47 -> 0.37342092 | K54: 0
A55: market for lime, hydrated, packed | B55: =unallocated!B22/'allocated (economic)'!I55*'allocated (economic)'!J55 -> 0.0055583628 | C55: RER | D55: kilogram | F55: technosphere | G55: lime, hydrated, packed | I55: 739 | J55: =J47 -> 0.37342092 | K55: 2 | L55: =LN(B55) -> -5.1924517 | M55: 1 | N55: 1 | O55: 1 | P55: 1.02 | Q55: 1.2 | R55: 1 | S55: 1.05 | T55: =LN(SQRT(EXP( SQRT( +POWER(LN(M55),2) +POWER(LN(N55),2) +POWER(LN(O55),2) +POWER(LN(P55),2) +POWER(LN(Q55),2) +POWER(LN(R55),2) +POWER(LN(S55),2) ) ))) -> 0.094886477
A56: market for sodium hydroxide, without water, in 50% solution state | B56: =unallocated!B23/'allocated (economic)'!I56*'allocated (economic)'!J56 -> 0 | C56: RER | D56: kilogram | F56: technosphere | G56: sodium hydroxide, without water, in 50% solution state | H56: 50% liquid ammonia. In original publication, it is dilluated to 27% in water. We discount the original value by 50%. | I56: 739 | J56: =J47 -> 0.37342092 | K56: 0
A57: market for monoethanolamine | B57: =unallocated!B24/'allocated (economic)'!I57*'allocated (economic)'!J57 -> 0 | C57: GLO | D57: kilogram | F57: technosphere | G57: monoethanolamine | I57: 739 | J57: =J47 -> 0.37342092 | K57: 0
A58: municipal waste incineration facility construction | B58: =unallocated!B25/'allocated (economic)'!I58*'allocated (economic)'!J58 -> 1.2632643e-10 | C58: CH | D58: unit | F58: technosphere | G58: municipal waste incineration facility | H58: Lifetime: 4'000'000 tons MSWI treated. | I58: 739 | J58: =J47 -> 0.37342092 | K58: 2 | L58: =LN(B58) -> -22.792152 | M58: 1 | N58: 1 | O58: 1 | P58: 1.02 | Q58: 1.2 | R58: 1 | S58: 3 | T58: =LN(SQRT(EXP( SQRT( +POWER(LN(M58),2) +POWER(LN(N58),2) +POWER(LN(O58),2) +POWER(LN(P58),2) +POWER(LN(Q58),2) +POWER(LN(R58),2) +POWER(LN(S58),2) ) ))) -> 0.55690714
A59: Water, cooling, unspecified natural origin | B59: =unallocated!B26/'allocated (economic)'!I59*'allocated (economic)'!J59 -> 7.5795856e-05 | D59: cubic meter | E59: natural resource::in water | F59: biosphere | I59: 739 | J59: =J47 -> 0.37342092 | K59: 2 | L59: =LN(B59) -> -9.4874669 | M59: 1 | N59: 1 | O59: 1 | P59: 1.02 | Q59: 1.2 | R59: 1 | S59: 1.05 | T59: =LN(SQRT(EXP( SQRT( +POWER(LN(M59),2) +POWER(LN(N59),2) +POWER(LN(O59),2) +POWER(LN(P59),2) +POWER(LN(Q59),2) +POWER(LN(R59),2) +POWER(LN(S59),2) ) ))) -> 0.094886477
A60: Sulfur dioxide | B60: =unallocated!B27/'allocated (economic)'!I60*'allocated (economic)'!J60 -> 5.7099545e-05 | D60: kilogram | E60: air::urban air close to ground | F60: biosphere | I60: 739 | J60: =J47 -> 0.37342092 | K60: 2 | L60: =LN(B60) -> -9.7707144 | M60: 1 | N60: 1 | O60: 1 | P60: 1.02 | Q60: 1.2 | R60: 1 | S60: 1.05 | T60: =LN(SQRT(EXP( SQRT( +POWER(LN(M60),2) +POWER(LN(N60),2) +POWER(LN(O60),2) +POWER(LN(P60),2) +POWER(LN(Q60),2) +POWER(LN(R60),2) +POWER(LN(S60),2) ) ))) -> 0.094886477
A61: Hydrochloric acid | B61: =unallocated!B28/'allocated (economic)'!I61*'allocated (economic)'!J61 -> 1.414856e-05 | D61: kilogram | E61: air | F61: biosphere | I61: 739 | J61: =J47 -> 0.37342092 | K61: 2 | L61: =LN(B61) -> -11.165898 | M61: 1 | N61: 1 | O61: 1 | P61: 1.02 | Q61: 1.2 | R61: 1 | S61: 1.5 | T61: =LN(SQRT(EXP( SQRT( +POWER(LN(M61),2) +POWER(LN(N61),2) +POWER(LN(O61),2) +POWER(LN(P61),2) +POWER(LN(Q61),2) +POWER(LN(R61),2) +POWER(LN(S61),2) ) ))) -> 0.22250576
A62: Nitrogen oxides | B62: =unallocated!B29/'allocated (economic)'!I62*'allocated (economic)'!J62 -> 0.00034209197 | D62: kilogram | E62: air::urban air close to ground | F62: biosphere | I62: 739 | J62: =J47 -> 0.37342092 | K62: 2 | L62: =LN(B62) -> -7.980431 | M62: 1 | N62: 1 | O62: 1 | P62: 1.02 | Q62: 1.2 | R62: 1 | S62: 1.5 | T62: =LN(SQRT(EXP( SQRT( +POWER(LN(M62),2) +POWER(LN(N62),2) +POWER(LN(O62),2) +POWER(LN(P62),2) +POWER(LN(Q62),2) +POWER(LN(R62),2) +POWER(LN(S62),2) ) ))) -> 0.22250576
A63: Ammonia | B63: =unallocated!B30/'allocated (economic)'!I63*'allocated (economic)'!J63 -> 2.2738757e-05 | D63: kilogram | E63: air::urban air close to ground | F63: biosphere | I63: 739 | J63: =J47 -> 0.37342092 | K63: 2 | L63: =LN(B63) -> -10.69144 | M63: 1 | N63: 1 | O63: 1 | P63: 1.02 | Q63: 1.2 | R63: 1 | S63: 1.5 | T63: =LN(SQRT(EXP( SQRT( +POWER(LN(M63),2) +POWER(LN(N63),2) +POWER(LN(O63),2) +POWER(LN(P63),2) +POWER(LN(Q63),2) +POWER(LN(R63),2) +POWER(LN(S63),2) ) ))) -> 0.22250576
A64: Particulate Matter, < 2.5 um | B64: =unallocated!B31/'allocated (economic)'!I64*'allocated (economic)'!J64 -> 3.0318343e-06 | D64: kilogram | E64: air::urban air close to ground | F64: biosphere | I64: 739 | J64: =J47 -> 0.37342092 | K64: 2 | L64: =LN(B64) -> -12.706343 | M64: 1 | N64: 1 | O64: 1 | P64: 1.02 | Q64: 1.2 | R64: 1 | S64: 3 | T64: =LN(SQRT(EXP( SQRT( +POWER(LN(M64),2) +POWER(LN(N64),2) +POWER(LN(O64),2) +POWER(LN(P64),2) +POWER(LN(Q64),2) +POWER(LN(R64),2) +POWER(LN(S64),2) ) ))) -> 0.55690714
A65: Mercury II | B65: =unallocated!B32/'allocated (economic)'!I65*'allocated (economic)'!J65 -> 1.1622031e-08 | D65: kilogram | E65: air::urban air close to ground | F65: biosphere | I65: 739 | J65: =J47 -> 0.37342092 | K65: 2 | L65: =LN(B65) -> -18.270363 | M65: 1 | N65: 1 | O65: 1 | P65: 1.02 | Q65: 1.2 | R65: 1 | S65: 5 | T65: =LN(SQRT(EXP( SQRT( +POWER(LN(M65),2) +POWER(LN(N65),2) +POWER(LN(O65),2) +POWER(LN(P65),2) +POWER(LN(Q65),2) +POWER(LN(R65),2) +POWER(LN(S65),2) ) ))) -> 0.80992649
A66: Lead II | B66: =unallocated!B33/'allocated (economic)'!I66*'allocated (economic)'!J66 -> 2.829712e-08 | D66: kilogram | E66: air::urban air close to ground | F66: biosphere | I66: 739 | J66: =J47 -> 0.37342092 | K66: 2 | L66: =LN(B66) -> -17.380506 | M66: 1 | N66: 1 | O66: 1 | P66: 1.02 | Q66: 1.2 | R66: 1 | S66: 5 | T66: =LN(SQRT(EXP( SQRT( +POWER(LN(M66),2) +POWER(LN(N66),2) +POWER(LN(O66),2) +POWER(LN(P66),2) +POWER(LN(Q66),2) +POWER(LN(R66),2) +POWER(LN(S66),2) ) ))) -> 0.80992649
A67: Cadmium II | B67: =unallocated!B34/'allocated (economic)'!I67*'allocated (economic)'!J67 -> 1.414856e-08 | D67: kilogram | E67: air::urban air close to ground | F67: biosphere | I67: 739 | J67: =J47 -> 0.37342092 | K67: 2 | L67: =LN(B67) -> -18.073653 | M67: 1 | N67: 1 | O67: 1 | P67: 1.02 | Q67: 1.2 | R67: 1 | S67: 5 | T67: =LN(SQRT(EXP( SQRT( +POWER(LN(M67),2) +POWER(LN(N67),2) +POWER(LN(O67),2) +POWER(LN(P67),2) +POWER(LN(Q67),2) +POWER(LN(R67),2) +POWER(LN(S67),2) ) ))) -> 0.80992649
A68: Arsenic ion | B68: =unallocated!B35/'allocated (economic)'!I68*'allocated (economic)'!J68 -> 3.0318343e-09 | D68: kilogram | E68: air::urban air close to ground | F68: biosphere | I68: 739 | J68: =J47 -> 0.37342092 | K68: 2 | L68: =LN(B68) -> -19.614098 | M68: 1 | N68: 1 | O68: 1 | P68: 1.02 | Q68: 1.2 | R68: 1 | S68: 5 | T68: =LN(SQRT(EXP( SQRT( +POWER(LN(M68),2) +POWER(LN(N68),2) +POWER(LN(O68),2) +POWER(LN(P68),2) +POWER(LN(Q68),2) +POWER(LN(R68),2) +POWER(LN(S68),2) ) ))) -> 0.80992649
A69: Dioxins, measured as 2,3,7,8-tetrachlorodibenzo-p-dioxin | B69: =unallocated!B36/'allocated (economic)'!I69*'allocated (economic)'!J69 -> 5.5583628e-14 | D69: kilogram | E69: air::urban air close to ground | F69: biosphere | I69: 739 | J69: =J47 -> 0.37342092 | K69: 2 | L69: =LN(B69) -> -30.520888 | M69: 1 | N69: 1 | O69: 1 | P69: 1.02 | Q69: 1.2 | R69: 1 | S69: 5 | T69: =LN(SQRT(EXP( SQRT( +POWER(LN(M69),2) +POWER(LN(N69),2) +POWER(LN(O69),2) +POWER(LN(P69),2) +POWER(LN(Q69),2) +POWER(LN(R69),2) +POWER(LN(S69),2) ) ))) -> 0.80992649
A70: Carbon dioxide, fossil | B70: =unallocated!B37/'allocated (economic)'!I70*'allocated (economic)'!J70 -> 0.18898434 | D70: kilogram | E70: air::urban air close to ground | F70: biosphere | I70: 739 | J70: =J47 -> 0.37342092 | K70: 2 | L70: =LN(B70) -> -1.6660911 | M70: 1 | N70: 1 | O70: 1 | P70: 1.02 | Q70: 1.2 | R70: 1 | S70: 1.05 | T70: =LN(SQRT(EXP( SQRT( +POWER(LN(M70),2) +POWER(LN(N70),2) +POWER(LN(O70),2) +POWER(LN(P70),2) +POWER(LN(Q70),2) +POWER(LN(R70),2) +POWER(LN(S70),2) ) ))) -> 0.094886477
A71: Carbon dioxide, non-fossil | B71: =unallocated!B38/'allocated (economic)'!I71*'allocated (economic)'!J71 -> 0.30015159 | D71: kilogram | E71: air::urban air close to ground | F71: biosphere | I71: 739 | J71: =J47 -> 0.37342092 | K71: 2 | L71: =LN(B71) -> -1.2034676 | M71: 1 | N71: 1 | O71: 1 | P71: 1.02 | Q71: 1.2 | R71: 1 | S71: 1.05 | T71: =LN(SQRT(EXP( SQRT( +POWER(LN(M71),2) +POWER(LN(N71),2) +POWER(LN(O71),2) +POWER(LN(P71),2) +POWER(LN(Q71),2) +POWER(LN(R71),2) +POWER(LN(S71),2) ) ))) -> 0.094886477
A73: Activity | B73: municipal waste incineration, at incineration plant, with semi-dry air pollution control, without flue gas condensation, with electricity and heat recovery, economic allocation
A74: location | B74: RER
A75: production amount | B75: 1
A76: source | B76: Valentina Bisinella, Tore Hulgaard, Christian Riber, Anders Damgaard, Thomas H. Christensen, Environmental assessment of carbon capture and storage (CCS) as a post-treatment technology in waste incineration, Waste Management, Volume 128, 2021, Pages 99-113, ISSN 0956-053X, https://doi.org/10.1016/j.wasman.2021.04.046.
A77: reference product | B77: municipal solid waste
A78: type | B78: process
A79: unit | B79: kilogram
A80: comment | B80: The incineration plant is a multi-output activity: 1) waste treatment, 2) heat production, 3) electricity production. Data on MSW composition as received at an incinerator in Copenhagen, Denmark. The estimated lower heating value is 9.9 GJ/tonne wet waste, and total carbon content is 264 kg C/tonne wet waste, 39% of which is fossil and 61% biogenic. Lower heating value (GJ/tonne ww): 9.9. Water content (kg/tonne ww): 432. Fossil carbon content (kg C/tonne ww): 102. Biogenic carbon content (kg C/tonne ww): 162. Air Pollution Contral (APC): Semi-dry. Flue gas condensation: No. Power production: Yes. Heat production: Yes. Carbon capture: No. Electricity production per ton MSWI incinerated: 638 kWh. Heat production per ton MSWI incinerated: 6'170 MJ.
A81: Exchanges
A82: name | B82: amount | C82: location | D82: unit | E82: categories | F82: type | G82: reference product | H82: comment | I82: normalization | J82: allocation | K82: uncertainty type | L82: loc | M82: u1 | N82: u2 | O82: u3 | P82: u4 | Q82: u5 | R82: u6 | S82: ub | T82: scale
A83: municipal waste incineration, at incineration plant, with semi-dry air pollution control, without flue gas condensation, with electricity and heat recovery, economic allocation | B83: 1 | C83: RER | D83: kilogram | F83: production | G83: municipal solid waste | I83: 1000 | J83: =INDEX('allocation keys'!$L$4:$N$30,MATCH('allocated (economic)'!$B$73,'allocation keys'!$B$4:$B$28,0),MATCH('allocated (economic)'!$B$77,'allocation keys'!$L$3:$N$3,0)) -> 0.48972757 | K83: 0
A84: municipal waste incineration, at incineration plant, with semi-dry air pollution control, without flue gas condensation, with electricity and heat recovery, economic allocation | B84: 0 | C84: RER | D84: kilowatt hour | F84: technosphere | G84: electricity, medium voltage | I84: 1000 | J84: =J83 -> 0.48972757 | K84: 0
A85: municipal waste incineration, at incineration plant, with semi-dry air pollution control, without flue gas condensation, with electricity and heat recovery, economic allocation | B85: 0 | C85: RER | D85: megajoule | F85: technosphere | G85: heat, district or industrial, other than natural gas | I85: 1000 | J85: =J83 -> 0.48972757 | K85: 0
A86: market for diesel, low-sulfur | B86: =unallocated!B53/'allocated (economic)'!I86*'allocated (economic)'!J86 -> 4.1626843e-05 | C86: Europe without Switzerland | D86: kilogram | F86: technosphere | G86: diesel, low-sulfur | H86: Diesel density: 0.85 kg/l | I86: 1000 | J86: =J83 -> 0.48972757 | K86: 0
A87: market for activated carbon, granular | B87: =unallocated!B54/'allocated (economic)'!I87*'allocated (economic)'!J87 -> 0.00019589103 | C87: GLO | D87: kilogram | F87: technosphere | G87: activated carbon, granular | I87: 1000 | J87: =J83 -> 0.48972757 | K87: 0
A88: market for ammonia, anhydrous, liquid | B88: =unallocated!B55/'allocated (economic)'!I88*'allocated (economic)'!J88 -> 0.00047993302 | C88: RER | D88: kilogram | F88: technosphere | G88: ammonia, anhydrous, liquid | H88: 100% liquid ammonia. In original publication, it is dilluated to 23.5% in water. We discount the original value by 75%. | I88: 1000 | J88: =J83 -> 0.48972757 | K88: 0
A89: market for tap water | B89: =unallocated!B56/'allocated (economic)'!I89*'allocated (economic)'!J89 -> 0.0014789773 | C89: Europe without Switzerland | D89: kilogram | F89: technosphere | G89: tap water | H89: Used to dilute the ammonia. | I89: 1000 | J89: =J83 -> 0.48972757 | K89: 0
A90: market for calcium carbonate, precipitated | B90: =unallocated!B57/'allocated (economic)'!I90*'allocated (economic)'!J90 -> 0 | C90: RER | D90: kilogram | F90: technosphere | G90: calcium carbonate, precipitated | I90: 1000 | J90: =J83 -> 0.48972757 | K90: 0
A91: market for iron(III) chloride, without water, in 40% solution state | B91: =unallocated!B58/'allocated (economic)'!I91*'allocated (economic)'!J91 -> 0 | C91: GLO | D91: kilogram | F91: technosphere | G91: iron(III) chloride, without water, in 40% solution state | I91: 1000 | J91: =J83 -> 0.48972757 | K91: 0
A92: market for lime, hydrated, packed | B92: =unallocated!B59/'allocated (economic)'!I92*'allocated (economic)'!J92 -> 0.0053870033 | C92: RER | D92: kilogram | F92: technosphere | G92: lime, hydrated, packed | I92: 1000 | J92: =J83 -> 0.48972757 | K92: 0
A93: market for sodium hydroxide, without water, in 50% solution state | B93: =unallocated!B60/'allocated (economic)'!I93*'allocated (economic)'!J93 -> 0 | C93: RER | D93: kilogram | F93: technosphere | G93: sodium hydroxide, without water, in 50% solution state | H93: 50% liquid ammonia. In original publication, it is dilluated to 27% in water. We discount the original value by 50%. | I93: 1000 | J93: =J83 -> 0.48972757 | K93: 0
A94: market for monoethanolamine | B94: =unallocated!B61/'allocated (economic)'!I94*'allocated (economic)'!J94 -> 0 | C94: GLO | D94: kilogram | F94: technosphere | G94: monoethanolamine | I94: 1000 | J94: =J83 -> 0.48972757 | K94: 0
A95: municipal waste incineration facility construction | B95: =unallocated!B62/'allocated (economic)'!I95*'allocated (economic)'!J95 -> 1.2243189e-10 | C95: CH | D95: unit | F95: technosphere | G95: municipal waste incineration facility | H95: Lifetime: 4'000'000 tons MSWI treated. | I95: 1000 | J95: =J83 -> 0.48972757 | K95: 0
A96: Water, cooling, unspecified natural origin | B96: =unallocated!B63/'allocated (economic)'!I96*'allocated (economic)'!J96 -> 7.3459135e-05 | D96: cubic meter | E96: natural resource::in water | F96: biosphere | I96: 1000 | J96: =J83 -> 0.48972757 | K96: 0
A97: Sulfur dioxide | B97: =unallocated!B64/'allocated (economic)'!I97*'allocated (economic)'!J97 -> 5.5339215e-05 | D97: kilogram | E97: air::urban air close to ground | F97: biosphere | I97: 1000 | J97: =J83 -> 0.48972757 | K97: 0
A98: Hydrochloric acid | B98: =unallocated!B65/'allocated (economic)'!I98*'allocated (economic)'!J98 -> 1.3712372e-05 | D98: kilogram | E98: air | F98: biosphere | I98: 1000 | J98: =J83 -> 0.48972757 | K98: 0
A99: Nitrogen oxides | B99: =unallocated!B66/'allocated (economic)'!I99*'allocated (economic)'!J99 -> 0.00033154556 | D99: kilogram | E99: air::urban air close to ground | F99: biosphere | I99: 1000 | J99: =J83 -> 0.48972757 | K99: 0
A100: Ammonia | B100: =unallocated!B67/'allocated (economic)'!I100*'allocated (economic)'!J100 -> 2.2037741e-05 | D100: kilogram | E100: air::urban air close to ground | F100: biosphere | I100: 1000 | J100: =J83 -> 0.48972757 | K100: 0
A101: Particulate Matter, < 2.5 um | B101: =unallocated!B68/'allocated (economic)'!I101*'allocated (economic)'!J101 -> 2.9383654e-06 | D101: kilogram | E101: air::urban air close to ground | F101: biosphere | I101: 1000 | J101: =J83 -> 0.48972757 | K101: 0
A102: Mercury II | B102: =unallocated!B69/'allocated (economic)'!I102*'allocated (economic)'!J102 -> 1.1263734e-08 | D102: kilogram | E102: air::urban air close to ground | F102: biosphere | I102: 1000 | J102: =J83 -> 0.48972757 | K102: 0
...

Sheet allocation keys
A1: skip
F2: Energy allocation key | I2: Exergy allocation key | L2: Economic allocation key
B3: name | C3: waste input [kg] | D3: electricity output [kWh] | E3: heat output [MJ] | F3: municipal solid waste | G3: electricity, medium voltage | H3: heat, district or industrial, other than natural gas | I3: municipal solid waste | J3: electricity, medium voltage | K3: heat, district or industrial, other than natural gas | L3: municipal solid waste | M3: electricity, medium voltage | N3: heat, district or industrial, other than natural gas
B4: municipal waste incineration, at incineration plant, with semi-dry air pollution control, without flue gas condensation, with electricity recovery only, energy allocation | C4: 1000 | D4: 739 | F4: 0 | G4: =(D4*3.6)/((D4*3.6)+E4) -> 1 | H4: =(E4)/((D4*3.6)+E4) -> 0
B5: municipal waste incineration, at incineration plant, with semi-dry air pollution control, without flue gas condensation, with electricity recovery only, exergy allocation | I5: 0 | J5: =1-K5 -> 1 | K5: =(G39*F39)/((G39*F39)+(1*H39)) -> 0
B6: municipal waste incineration, at incineration plant, with semi-dry air pollution control, without flue gas condensation, with electricity recovery only, economic allocation | L6: =(C4/1000*$C$33)/((C4/1000*$C$33)+(D4/1000*$C$35)+(E4/1000*$C$34)) -> 0.62657908 | M6: =(D4/1000*$C$35)/((C4/1000*$C$33)+(D4/1000*$C$35)+(E4/1000*$C$34)) -> 0.37342092 | N6: =(E4/1000*$C$34)/((C4/1000*$C$33)+(D4/1000*$C$35)+(E4/1000*$C$34)) -> 0
B7: municipal waste incineration, at incineration plant, with semi-dry air pollution control, without flue gas condensation, with electricity and heat recovery, energy allocation | C7: 1000 | D7: 638 | E7: 6170 | F7: 0 | G7: =(D7*3.6)/((D7*3.6)+E7) -> 0.27127132 | H7: =(E7)/((D7*3.6)+E7) -> 0.72872868
B8: municipal waste incineration, at incineration plant, with semi-dry air pollution control, without flue gas condensation, with electricity and heat recovery, exergy allocation | I8: 0 | J8: =1-K8 -> 0.74618769 | K8: =(G40*F40)/((G40*F40)+(1*H40)) -> 0.25381231
B9: municipal waste incineration, at incineration plant, with semi-dry air pollution control, without flue gas condensation, with electricity and heat recovery, economic allocation | L9: =(C7/1000*$C$33)/((C7/1000*$C$33)+(D7/1000*$C$35)+(E7/1000*$C$34)) -> 0.48972757 | M9: =(D7/1000*$C$35)/((C7/1000*$C$33)+(D7/1000*$C$35)+(E7/1000*$C$34)) -> 0.25197273 | N9: =(E7/1000*$C$34)/((C7/1000*$C$33)+(D7/1000*$C$35)+(E7/1000*$C$34)) -> 0.2582997
B10: municipal waste incineration, at incineration plant, with semi-dry air pollution control, with flue gas condensation, with electricity and heat recovery, energy allocation | C10: 1000 | D10: 623 | E10: 7860 | F10: 0 | G10: =(D10*3.6)/((D10*3.6)+E10) -> 0.22199786 | H10: =(E10)/((D10*3.6)+E10) -> 0.77800214
B11: municipal waste incineration, at incineration plant, with semi-dry air pollution control, with flue gas condensation, with electricity and heat recovery, exergy allocation | I11: 0 | J11: =1-K11 -> 0.69264253 | K11: =(G41*F41)/((G41*F41)+(1*H41)) -> 0.30735747
B12: municipal waste incineration, at incineration plant, with semi-dry air pollution control, with flue gas condensation, with electricity and heat recovery, economic allocation | L12: =(C10/1000*$C$33)/((C10/1000*$C$33)+(D10/1000*$C$35)+(E10/1000*$C$34)) -> 0.45991336 | M12: =(D10/1000*$C$35)/((C10/1000*$C$33)+(D10/1000*$C$35)+(E10/1000*$C$34)) -> 0.23106937 | N12: =(E10/1000*$C$34)/((C10/1000*$C$33)+(D10/1000*$C$35)+(E10/1000*$C$34)) -> 0.30901727
B13: municipal waste incineration, at incineration plant, with wet air pollution control, without flue gas condensation, with electricity and heat recovery, energy allocation | C13: 1000 | D13: 628 | E13: 6170 | F13: 0 | G13: =(D13*3.6)/((D13*3.6)+E13) -> 0.26815961 | H13: =(E13)/((D13*3.6)+E13) -> 0.73184039
B14: municipal waste incineration, at incineration plant, with wet air pollution control, without flue gas condensation, with electricity and heat recovery, exergy allocation | I14: 0 | J14: =1-K14 -> 0.74318404 | K14: =(G42*F42)/((G42*F42)+(1*H42)) -> 0.25681596
B15: municipal waste incineration, at incineration plant, with wet air pollution control, without flue gas condensation, with electricity and heat recovery, economic allocation | L15: =(C13/1000*$C$33)/((C13/1000*$C$33)+(D13/1000*$C$35)+(E13/1000*$C$34)) -> 0.49166938 | M15: =(D13/1000*$C$35)/((C13/1000*$C$33)+(D13/1000*$C$35)+(E13/1000*$C$34)) -> 0.24900675 | N15: =(E13/1000*$C$34)/((C13/1000*$C$33)+(D13/1000*$C$35)+(E13/1000*$C$34)) -> 0.25932388
B16: municipal waste incineration, at incineration plant, with wet air pollution control, with flue gas condensation, with electricity and heat recovery, energy allocation | C16: 1000 | D16: 618 | E16: 7860 | F16: 0 | G16: =(D16*3.6)/((D16*3.6)+E16) -> 0.22060923 | H16: =(E16)/((D16*3.6)+E16) -> 0.77939077
B17: municipal waste incineration, at incineration plant, with wet air pollution control, with flue gas condensation, with electricity and heat recovery, exergy allocation | I17: 0 | J17: =1-K17 -> 0.6909244 | K17: =(G43*F43)/((G43*F43)+(1*H43)) -> 0.3090756
B18: municipal waste incineration, at incineration plant, with wet air pollution control, with flue gas condensation, with electricity and heat recovery, economic allocation | L18: =(C16/1000*$C$33)/((C16/1000*$C$33)+(D16/1000*$C$35)+(E16/1000*$C$34)) -> 0.46076785 | M18: =(D16/1000*$C$35)/((C16/1000*$C$33)+(D16/1000*$C$35)+(E16/1000*$C$34)) -> 0.22964075 | N18: =(E16/1000*$C$34)/((C16/1000*$C$33)+(D16/1000*$C$35)+(E16/1000*$C$34)) -> 0.3095914
B19: municipal waste incineration, at incineration plant, with semi-dry air pollution control, with flue gas condensation, with electricity recovery only, with carbon capture and storage, energy allocation | C19: 1000 | D19: 478 | F19: 0 | G19: =(D19*3.6)/((D19*3.6)+E19) -> 1 | H19: =(E19)/((D19*3.6)+E19) -> 0
B20: municipal waste incineration, at incineration plant, with semi-dry air pollution control, with flue gas condensation, with electricity recovery only, with carbon capture and storage, exergy allocation | I20: 0 | J20: =1-K20 -> 1 | K20: =(G44*F44)/((G44*F44)+(1*H44)) -> 0
B21: municipal waste incineration, at incineration plant, with semi-dry air pollution control, with flue gas condensation, with electricity recovery only, with carbon capture and storage, economic allocation | L21: =(C19/1000*$C$33)/((C19/1000*$C$33)+(D19/1000*$C$35)+(E19/1000*$C$34)) -> 0.7217695 | M21: =(D19/1000*$C$35)/((C19/1000*$C$33)+(D19/1000*$C$35)+(E19/1000*$C$34)) -> 0.2782305 | N21: =(E19/1000*$C$34)/((C19/1000*$C$33)+(D19/1000*$C$35)+(E19/1000*$C$34)) -> 0
B22: municipal waste incineration, at incineration plant, with semi-dry air pollution control, with flue gas condensation, with electricity and heat recovery, with carbon capture and storage, energy allocation | C22: 1000 | D22: 312 | E22: 7400 | F22: 0 | G22: =(D22*3.6)/((D22*3.6)+E22) -> 0.13178149 | H22: =(E22)/((D22*3.6)+E22) -> 0.86821851
B23: municipal waste incineration, at incineration plant, with semi-dry air pollution control, with flue gas condensation, with electricity and heat recovery, with carbon capture and storage, exergy allocation | I23: 0 | J23: =1-K23 -> 0.54519278 | K23: =(G45*F45)/((G45*F45)+(1*H45)) -> 0.45480722
B24: municipal waste incineration, at incineration plant, with semi-dry air pollution control, with flue gas condensation, with electricity and heat recovery, with carbon capture and storage, economic allocation | L24: =(C22/1000*$C$33)/((C22/1000*$C$33)+(D22/1000*$C$35)+(E22/1000*$C$34)) -> 0.53073104 | M24: =(D22/1000*$C$35)/((C22/1000*$C$33)+(D22/1000*$C$35)+(E22/1000*$C$34)) -> 0.13353878 | N24: =(E22/1000*$C$34)/((C22/1000*$C$33)+(D22/1000*$C$35)+(E22/1000*$C$34)) -> 0.33573018
B25: municipal waste incineration, at incineration plant, with wet air pollution control, with flue gas condensation, with electricity and heat recovery, with carbon capture and storage, energy allocation | C25: 1000 | D25: 317 | E25: 7400 | F25: 0 | G25: =(D25*3.6)/((D25*3.6)+E25) -> 0.1336112 | H25: =(E25)/((D25*3.6)+E25) -> 0.8663888
B26: municipal waste incineration, at incineration plant, with wet air pollution control, with flue gas condensation, with electricity and heat recovery, with carbon capture and storage, exergy allocation | I26: 0 | J26: =1-K26 -> 0.54913204 | K26: =(G46*F46)/((G46*F46)+(1*H46)) -> 0.45086796
B27: municipal waste incineration, at incineration plant, with wet air pollution control, with flue gas condensation, with electricity and heat recovery, with carbon capture and storage, economic allocation | L27: =(C25/1000*$C$33)/((C25/1000*$C$33)+(D25/1000*$C$35)+(E25/1000*$C$34)) -> 0.52959768 | M27: =(D25/1000*$C$35)/((C25/1000*$C$33)+(D25/1000*$C$35)+(E25/1000*$C$34)) -> 0.13538908 | N27: =(E25/1000*$C$34)/((C25/1000*$C$33)+(D25/1000*$C$35)+(E25/1000*$C$34)) -> 0.33501324
B28: municipal waste incineration, at incineration plant, with wet air pollution control, with flue gas condensation, with electricity and optimized heat recovery, with carbon capture and storage, energy allocation | C28: 1000 | D28: 473 | E28: 8510 | F28: 0 | G28: =(D28*3.6)/((D28*3.6)+E28) -> 0.16673194 | H28: =(E28)/((D28*3.6)+E28) -> 0.83326806
B29: municipal waste incineration, at incineration plant, with wet air pollution control, with flue gas condensation, with electricity and optimized heat recovery, with carbon capture and storage, exergy allocation | I29: 0 | J29: =1-K29 -> 0.61244375 | K29: =(G47*F47)/((G47*F47)+(1*H47)) -> 0.38755625
B30: municipal waste incineration, at incineration plant, with wet air pollution control, with flue gas condensation, with electricity and optimized heat recovery, with carbon capture and storage, economic allocation | L30: =(C28/1000*$C$33)/((C28/1000*$C$33)+(D28/1000*$C$35)+(E28/1000*$C$34)) -> 0.4741765 | M30: =(D28/1000*$C$35)/((C28/1000*$C$33)+(D28/1000*$C$35)+(E28/1000*$C$34)) -> 0.18087539 | N30: =(E28/1000*$C$34)/((C28/1000*$C$33)+(D28/1000*$C$35)+(E28/1000*$C$34)) -> 0.34494811
B32: Parameters for economic allocation | C32: Value | D32: Source
B33: MSW treatment, market value [€_2005/t] | C33: 124 | D33: https://zerowasteeurope.eu/wp-content/uploads/2021/10/ZWE_Delft_Oct21_Waste_Incineration_EUETS_Study.pdf
B34: District heat, market value [€_2005/GJ] | C34: 10.6 | D34: ecoinvent 3.10
B35: Medium voltage electricity, market value [€_2005/MWh] | C35: 100 | D35: ecoinvent 3.10
B37: Parameters for exergy allocation
C38: Flow temp. TV [K] | D38: Return temp. TR [K] | E38: Ambient temp. TU [K] | F38: Heat exergy factor | G38: heat efficiency | H38: electricity efficiency
B39: municipal waste incineration, at incineration plant, with semi-dry air pollution control, without flue gas condensation, with electricity recovery only | C39: =85+273.15 -> 358.15 | D39: =40+273.15 -> 313.15 | E39: =20+273.15 -> 293.15 | F39: =(((C39+D39)/2)-E39)/((C39+D39)/2) -> 0.12661999 | G39: =E4/9900 -> 0 | H39: =D4/(277.778*9.9) -> 0.26872706
B40: municipal waste incineration, at incineration plant, with semi-dry air pollution control, without flue gas condensation, with electricity and heat recovery | C40: =85+273.15 -> 358.15 | D40: =40+273.15 -> 313.15 | E40: =20+273.15 -> 293.15 | F40: =(((C40+D40)/2)-E40)/((C40+D40)/2) -> 0.12661999 | G40: =E7/9900 -> 0.62323232 | H40: =D7/(277.778*9.9) -> 0.23199981
B41: municipal waste incineration, at incineration plant, with semi-dry air pollution control, with flue gas condensation, with electricity and heat recovery | C41: =85+273.15 -> 358.15 | D41: =40+273.15 -> 313.15 | E41: =20+273.15 -> 293.15 | F41: =(((C41+D41)/2)-E41)/((C41+D41)/2) -> 0.12661999 | G41: =E10/9900 -> 0.79393939 | H41: =D10/(277.778*9.9) -> 0.22654527
B42: municipal waste incineration, at incineration plant, with wet air pollution control, without flue gas condensation, with electricity and heat recovery | C42: =85+273.15 -> 358.15 | D42: =40+273.15 -> 313.15 | E42: =20+273.15 -> 293.15 | F42: =(((C42+D42)/2)-E42)/((C42+D42)/2) -> 0.12661999 | G42: =E13/9900 -> 0.62323232 | H42: =D13/(277.778*9.9) -> 0.22836345
B43: municipal waste incineration, at incineration plant, with wet air pollution control, with flue gas condensation, with electricity and heat recovery | C43: =85+273.15 -> 358.15 | D43: =40+273.15 -> 313.15 | E43: =20+273.15 -> 293.15 | F43: =(((C43+D43)/2)-E43)/((C43+D43)/2) -> 0.12661999 | G43: =E16/9900 -> 0.79393939 | H43: =D16/(277.778*9.9) -> 0.22472709
B44: municipal waste incineration, at incineration plant, with semi-dry air pollution control, with flue gas condensation, with electricity recovery only, with carbon capture and storage | C44: =85+273.15 -> 358.15 | D44: =40+273.15 -> 313.15 | E44: =20+273.15 -> 293.15 | F44: =(((C44+D44)/2)-E44)/((C44+D44)/2) -> 0.12661999 | G44: =E19/9900 -> 0 | H44: =D19/(277.778*9.9) -> 0.17381804
B45: municipal waste incineration, at incineration plant, with semi-dry air pollution control, with flue gas condensation, with electricity and heat recovery, with carbon capture and storage | C45: =85+273.15 -> 358.15 | D45: =40+273.15 -> 313.15 | E45: =20+273.15 -> 293.15 | F45: =(((C45+D45)/2)-E45)/((C45+D45)/2) -> 0.12661999 | G45: =E22/9900 -> 0.74747475 | H45: =D22/(277.778*9.9) -> 0.11345445
B46: municipal waste incineration, at incineration plant, with wet air pollution control, with flue gas condensation, with electricity and heat recovery, with carbon capture and storage | C46: =85+273.15 -> 358.15 | D46: =40+273.15 -> 313.15 | E46: =20+273.15 -> 293.15 | F46: =(((C46+D46)/2)-E46)/((C46+D46)/2) -> 0.12661999 | G46: =E25/9900 -> 0.74747475 | H46: =D25/(277.778*9.9) -> 0.11527264
B47: municipal waste incineration, at incineration plant, with wet air pollution control, with flue gas condensation, with electricity and optimized heat recovery, with carbon capture and storage | C47: =85+273.15 -> 358.15 | D47: =40+273.15 -> 313.15 | E47: =20+273.15 -> 293.15 | F47: =(((C47+D47)/2)-E47)/((C47+D47)/2) -> 0.12661999 | G47: =E28/9900 -> 0.85959596 | H47: =D28/(277.778*9.9) -> 0.17199986
